--
-- PostgreSQL database dump
--

-- Dumped from database version 16.4 (Debian 16.4-1.pgdg120+1)
-- Dumped by pg_dump version 16.4 (Ubuntu 16.4-1.pgdg24.04+1)

SET statement_timeout = 0;
SET lock_timeout = 0;
SET idle_in_transaction_session_timeout = 0;
SET client_encoding = 'UTF8';
SET standard_conforming_strings = on;
SELECT pg_catalog.set_config('search_path', '', false);
SET check_function_bodies = false;
SET xmloption = content;
SET client_min_messages = warning;
SET row_security = off;

--
-- Data for Name: pg_ivm_immv; Type: TABLE DATA; Schema: pg_catalog; Owner: postgres
--

COPY pg_catalog.pg_ivm_immv (immvrelid, viewdef, ispopulated) FROM stdin;
\.


--
-- Data for Name: systems; Type: TABLE DATA; Schema: public; Owner: postgres
--

COPY public.systems (id, full_name, inserted_at, updated_at) FROM stdin;
moco_md_ps	Montgomery County MD Public Safety	2024-08-22 18:54:23	2024-08-22 18:54:23
wv_sirn	West Virginia Statewide Interoperable Radio Network	2024-08-22 18:54:25	2024-08-22 18:54:25
\.


--
-- Data for Name: talk_groups; Type: TABLE DATA; Schema: public; Owner: postgres
--

COPY public.talk_groups (id, system_id, "decimal", mode, description, alpha_tag, category, tag, active, inserted_at, updated_at) FROM stdin;
1	moco_md_ps	6595	T	Rockville (Barrack N)	MSP Rockville	Maryland State Police	Law Dispatch	t	2024-08-22 18:54:28	2024-08-22 18:54:28
2	moco_md_ps	7375	T	Coordinated Highways Action Response Team (CHART)	MSHA CHART 7375	Maryland State Highway Administration	Public Works	t	2024-08-22 18:54:28	2024-08-22 18:54:28
3	moco_md_ps	7380	T	Coordinated Highways Action Response Team (CHART)	MSHA CHART 7380	Maryland State Highway Administration	Public Works	t	2024-08-22 18:54:28	2024-08-22 18:54:28
4	moco_md_ps	7385	T	Coordinated Highways Action Response Team (CHART)	MSHA CHART 7385	Maryland State Highway Administration	Public Works	t	2024-08-22 18:54:28	2024-08-22 18:54:28
5	moco_md_ps	4000	D	7A1 Ops 1	MCFR 7A1 Ops 1	Fire and Rescue Service	Fire-Tac	t	2024-08-22 18:54:28	2024-08-22 18:54:28
6	moco_md_ps	4005	D	7A2 Dispatch	MCFR 7A2 Disp	Fire and Rescue Service	Fire Dispatch	t	2024-08-22 18:54:28	2024-08-22 18:54:28
7	moco_md_ps	4010	D	7A3 Ops 3	MCFR 7A3 Ops 3	Fire and Rescue Service	Fire-Tac	t	2024-08-22 18:54:29	2024-08-22 18:54:29
8	moco_md_ps	4015	D	7A4 Incident 10	MCFR 7A4 Inc 10	Fire and Rescue Service	Fire-Tac	t	2024-08-22 18:54:29	2024-08-22 18:54:29
9	moco_md_ps	4020	D	7A5 Incident 11	MCFR 7A5 Inc 11	Fire and Rescue Service	Fire-Tac	t	2024-08-22 18:54:29	2024-08-22 18:54:29
10	moco_md_ps	4025	D	7A6 Incident 12	MCFR 7A6 Inc 12	Fire and Rescue Service	Fire-Tac	t	2024-08-22 18:54:29	2024-08-22 18:54:29
11	moco_md_ps	4030	D	7A7 Announcement 10	MCFR 7A7 Annc 10	Fire and Rescue Service	Fire-Tac	t	2024-08-22 18:54:29	2024-08-22 18:54:29
12	moco_md_ps	4035	D	7A8 Incident 20	MCFR 7A8 Inc 20	Fire and Rescue Service	Fire-Tac	t	2024-08-22 18:54:29	2024-08-22 18:54:29
13	moco_md_ps	4040	D	7A9 Incident 21	MCFR 7A9 Inc 21	Fire and Rescue Service	Fire-Tac	t	2024-08-22 18:54:29	2024-08-22 18:54:29
14	moco_md_ps	4045	D	7A10 Incident 22	MCFR 7A10 Inc 22	Fire and Rescue Service	Fire-Tac	t	2024-08-22 18:54:29	2024-08-22 18:54:29
15	moco_md_ps	4050	D	7A11 Announcement 20	MCFR 7A11 Annc20	Fire and Rescue Service	Fire-Tac	t	2024-08-22 18:54:29	2024-08-22 18:54:29
16	moco_md_ps	4065	D	7A14 Alternate A14	MCFR 7A14 Alt14	Fire and Rescue Service	Fire-Tac	t	2024-08-22 18:54:30	2024-08-22 18:54:30
17	moco_md_ps	4070	T	7B4 Incident 30	MCFR 7B4 Inc 30	Fire and Rescue Service	Fire-Tac	t	2024-08-22 18:54:30	2024-08-22 18:54:30
18	moco_md_ps	4075	T	7B5 Incident 31	MCFR 7B5 Inc 31	Fire and Rescue Service	Fire-Tac	t	2024-08-22 18:54:30	2024-08-22 18:54:30
19	moco_md_ps	4080	T	7B6 Incident 32	MCFR 7B6 Inc 32	Fire and Rescue Service	Fire-Tac	t	2024-08-22 18:54:30	2024-08-22 18:54:30
20	moco_md_ps	4085	T	7B7 Announcement 30	MCFR 7B7 Annc 30	Fire and Rescue Service	Fire-Tac	t	2024-08-22 18:54:30	2024-08-22 18:54:30
21	moco_md_ps	4090	T	7B8 Incident 40	MCFR 7B8 Inc 40	Fire and Rescue Service	Fire-Tac	t	2024-08-22 18:54:30	2024-08-22 18:54:30
22	moco_md_ps	4095	T	7B9 Incident 41	MCFR 7B9 Inc 41	Fire and Rescue Service	Fire-Tac	t	2024-08-22 18:54:30	2024-08-22 18:54:30
23	moco_md_ps	4100	T	7B10 Incident 42	MCFR 7B10 Inc 42	Fire and Rescue Service	Fire-Tac	t	2024-08-22 18:54:30	2024-08-22 18:54:30
24	moco_md_ps	4105	T	7B11 Announcement 40	MCFR 7B11 Annc40	Fire and Rescue Service	Fire-Tac	t	2024-08-22 18:54:31	2024-08-22 18:54:31
25	moco_md_ps	4120	T	7B14 Alternate B14	MCFR 7B14	Fire and Rescue Service	Fire-Tac	t	2024-08-22 18:54:31	2024-08-22 18:54:31
26	moco_md_ps	4125	T	7C4 Incident 50	MCFR 7C4 Inc 50	Fire and Rescue Service	Fire-Tac	t	2024-08-22 18:54:31	2024-08-22 18:54:31
27	moco_md_ps	4130	T	7C5 Incident 51	MCFR 7C5 Inc 51	Fire and Rescue Service	Fire-Tac	t	2024-08-22 18:54:31	2024-08-22 18:54:31
28	moco_md_ps	4135	T	7C6 Incident 52	MCFR 7C6 Inc 52	Fire and Rescue Service	Fire-Tac	t	2024-08-22 18:54:31	2024-08-22 18:54:31
29	moco_md_ps	4140	T	7C7 Announcement 50	MCFR 7C7 Annc 50	Fire and Rescue Service	Fire-Tac	t	2024-08-22 18:54:31	2024-08-22 18:54:31
30	moco_md_ps	4145	T	7C8 Incident 60	MCFR 7C8 Inc 60	Fire and Rescue Service	Fire-Tac	t	2024-08-22 18:54:31	2024-08-22 18:54:31
31	moco_md_ps	4150	T	7C9 Incident 61	MCFR 7C9 Inc 61	Fire and Rescue Service	Fire-Tac	t	2024-08-22 18:54:31	2024-08-22 18:54:31
32	moco_md_ps	4155	T	7C10 Incident 62	MCFR 7C10 Inc 62	Fire and Rescue Service	Fire-Tac	t	2024-08-22 18:54:31	2024-08-22 18:54:31
33	moco_md_ps	4160	T	7C11 Announcement 60	MCFR 7C11 Annc60	Fire and Rescue Service	Fire-Tac	t	2024-08-22 18:54:32	2024-08-22 18:54:32
34	moco_md_ps	4170	T	7C13 Mutual Aid Secure C13	MCFR 7C13	Fire and Rescue Service	Fire-Tac	t	2024-08-22 18:54:32	2024-08-22 18:54:32
35	moco_md_ps	4175	T	7C14 Alternate C14	MCFR 7C14	Fire and Rescue Service	Fire-Tac	t	2024-08-22 18:54:32	2024-08-22 18:54:32
36	moco_md_ps	4315	T	7F14 Alternate F14	MCFR 7F14	Fire and Rescue Service	Fire-Tac	t	2024-08-22 18:54:32	2024-08-22 18:54:32
37	moco_md_ps	4320	T	7G1 Public Safety Training Academy 1	MCFR 7G1 PSTA 1	Fire and Rescue Service	Fire-Talk	t	2024-08-22 18:54:32	2024-08-22 18:54:32
38	moco_md_ps	4325	T	7G2 Public Safety Training Academy 2	MCFR 7G2 PSTA 2	Fire and Rescue Service	Fire-Talk	t	2024-08-22 18:54:32	2024-08-22 18:54:32
39	moco_md_ps	4330	T	7G3 Public Safety Training Academy 3	MCFR 7G3 PSTA 3	Fire and Rescue Service	Fire-Talk	t	2024-08-22 18:54:32	2024-08-22 18:54:32
40	moco_md_ps	4335	T	7G4 Public Safety Training Academy 4	MCFR 7G4 PSTA 4	Fire and Rescue Service	Fire-Talk	t	2024-08-22 18:54:32	2024-08-22 18:54:32
41	moco_md_ps	4340	T	7G5 Code Compliance	MCFR 7G5 Code	Fire and Rescue Service	Fire-Talk	t	2024-08-22 18:54:32	2024-08-22 18:54:32
42	moco_md_ps	4345	T	7G6 Central Maintenance Facility	MCFR 7G6 CentMnt	Fire and Rescue Service	Fire-Talk	t	2024-08-22 18:54:33	2024-08-22 18:54:33
43	moco_md_ps	4350	T	7G11 Local Fire and Rescue Departments 1	MCFR 7G11 LFRD 1	Fire and Rescue Service	Fire-Talk	t	2024-08-22 18:54:33	2024-08-22 18:54:33
44	moco_md_ps	4355	T	7G12 Local Fire and Rescue Departments 2	MCFR 7G12 LFRD 2	Fire and Rescue Service	Fire-Talk	t	2024-08-22 18:54:33	2024-08-22 18:54:33
45	moco_md_ps	4360	T	7G13 Community Emergency Response Team	MCFR 7G13 CERT	Fire and Rescue Service	Fire-Talk	t	2024-08-22 18:54:33	2024-08-22 18:54:33
46	moco_md_ps	4370	T	7G15 Operations Administration	MCFR 7G15 OpsAdm	Fire and Rescue Service	Fire-Talk	t	2024-08-22 18:54:33	2024-08-22 18:54:33
47	moco_md_ps	4385	T	7H1 Emergency Medical Resource Center	MCFR 7H1 EMRC	Fire and Rescue Service	Hospital	t	2024-08-22 18:54:33	2024-08-22 18:54:33
48	moco_md_ps	4390	T	7H2 Consult 1	MCFR 7H2 CNSLT 1	Fire and Rescue Service	Hospital	t	2024-08-22 18:54:33	2024-08-22 18:54:33
49	moco_md_ps	4395	T	7H3 Consult 2	MCFR 7H3 CNSLT 2	Fire and Rescue Service	Hospital	t	2024-08-22 18:54:33	2024-08-22 18:54:33
50	moco_md_ps	4400	Te	7H4 Holy Cross Hospital Germantown	MCFR 7H4 HC GT	Fire and Rescue Service	Hospital	t	2024-08-22 18:54:33	2024-08-22 18:54:33
51	moco_md_ps	4405	Te	7H5 Holy Cross Hospital Silver Spring	MCFR 7H5 HC SS	Fire and Rescue Service	Hospital	t	2024-08-22 18:54:33	2024-08-22 18:54:33
52	moco_md_ps	4410	Te	7H6 Montgomery Medical Center	MCFR 7H6 Mont MC	Fire and Rescue Service	Hospital	t	2024-08-22 18:54:34	2024-08-22 18:54:34
53	moco_md_ps	4415	Te	7H7 National Military Medical Center	MCFR 7H7 NatMil	Fire and Rescue Service	Hospital	t	2024-08-22 18:54:34	2024-08-22 18:54:34
54	moco_md_ps	4420	Te	7H8 Shady Grove Adventist Hospital	MCFR 7H8 SGAH	Fire and Rescue Service	Hospital	t	2024-08-22 18:54:34	2024-08-22 18:54:34
55	moco_md_ps	4425	Te	7H9 Sibley Memorial Hospital	MCFR 7H9 Sibley	Fire and Rescue Service	Hospital	t	2024-08-22 18:54:34	2024-08-22 18:54:34
65	moco_md_ps	4520	T	Battalion 2 Announcement	MCFR Batt 2 Annc	Fire and Rescue Service	Fire-Talk	t	2024-08-22 18:54:35	2024-08-22 18:54:35
75	moco_md_ps	4575	T	Fire Station 7	MCFR Station 7	Fire and Rescue Service	Fire-Talk	t	2024-08-22 18:54:36	2024-08-22 18:54:36
85	moco_md_ps	4625	T	Fire Station 17	MCFR Station 17	Fire and Rescue Service	Fire-Talk	t	2024-08-22 18:54:37	2024-08-22 18:54:37
94	moco_md_ps	4670	T	Fire Station 26	MCFR Station 26	Fire and Rescue Service	Fire-Talk	t	2024-08-22 18:54:38	2024-08-22 18:54:38
104	moco_md_ps	4740	T	Fire Station 40	MCFR Station 40	Fire and Rescue Service	Fire-Talk	t	2024-08-22 18:54:39	2024-08-22 18:54:39
114	moco_md_ps	5290	T	Great Falls 2 (Fairfax 41I)	MCFR GreatFalls2	Fire and Rescue Service	Fire-Tac	t	2024-08-22 18:54:40	2024-08-22 18:54:40
124	moco_md_ps	7660	T	Correctional Facility 2 Perimeter	MC CorrFac 2	Correction and Rehabilitation	Corrections	t	2024-08-22 18:54:42	2024-08-22 18:54:42
56	moco_md_ps	4430	Te	7H10 Suburban Hospital	MCFR 7H10 Suburb	Fire and Rescue Service	Hospital	t	2024-08-22 18:54:34	2024-08-22 18:54:34
66	moco_md_ps	4525	T	Battalion 3 Announcement	MCFR Batt 3 Annc	Fire and Rescue Service	Fire-Talk	t	2024-08-22 18:54:35	2024-08-22 18:54:35
76	moco_md_ps	4580	T	Fire Station 8	MCFR Station 8	Fire and Rescue Service	Fire-Talk	t	2024-08-22 18:54:36	2024-08-22 18:54:36
86	moco_md_ps	4630	T	Fire Station 18	MCFR Station 18	Fire and Rescue Service	Fire-Talk	t	2024-08-22 18:54:37	2024-08-22 18:54:37
96	moco_md_ps	4680	T	Fire Station 28	MCFR Station 28	Fire and Rescue Service	Fire-Talk	t	2024-08-22 18:54:38	2024-08-22 18:54:38
106	moco_md_ps	4750	T	Fire Station 42	MCFR Station 42	Fire and Rescue Service	Fire-Talk	t	2024-08-22 18:54:39	2024-08-22 18:54:39
116	moco_md_ps	5292	T	Great Falls 4 (Fairfax 41K)	MCFR GreatFalls4	Fire and Rescue Service	Fire-Tac	t	2024-08-22 18:54:41	2024-08-22 18:54:41
126	moco_md_ps	7670	T	Detention Center 1 Primary	MC DetCntr 1	Correction and Rehabilitation	Corrections	t	2024-08-22 18:54:42	2024-08-22 18:54:42
57	moco_md_ps	4435	Te	7H11 White Oak Medical Center	MCFR 7H11 Wh Oak	Fire and Rescue Service	Hospital	t	2024-08-22 18:54:34	2024-08-22 18:54:34
67	moco_md_ps	4530	T	Battalion 4 Announcement	MCFR Batt 4 Annc	Fire and Rescue Service	Fire-Talk	t	2024-08-22 18:54:35	2024-08-22 18:54:35
77	moco_md_ps	4585	T	Fire Station 9	MCFR Station 9	Fire and Rescue Service	Fire-Talk	t	2024-08-22 18:54:36	2024-08-22 18:54:36
95	moco_md_ps	4675	T	Fire Station 27	MCFR Station 27	Fire and Rescue Service	Fire-Talk	t	2024-08-22 18:54:38	2024-08-22 18:54:38
105	moco_md_ps	4745	T	Fire Station 41	MCFR Station 41	Fire and Rescue Service	Fire-Talk	t	2024-08-22 18:54:39	2024-08-22 18:54:39
115	moco_md_ps	5291	T	Great Falls 3 (Fairfax 41J)	MCFR GreatFalls3	Fire and Rescue Service	Fire-Tac	t	2024-08-22 18:54:41	2024-08-22 18:54:41
125	moco_md_ps	7665	T	Correctional Facility Maintenance	MC CorrFac Mnt	Correction and Rehabilitation	Corrections	t	2024-08-22 18:54:42	2024-08-22 18:54:42
58	moco_md_ps	4440	T	All Hospitals	MCFR All Hosp	Fire and Rescue Service	Hospital	t	2024-08-22 18:54:34	2024-08-22 18:54:34
68	moco_md_ps	4535	T	Battalion 5 Announcement	MCFR Batt 5 Annc	Fire and Rescue Service	Fire-Talk	t	2024-08-22 18:54:35	2024-08-22 18:54:35
78	moco_md_ps	4590	T	Fire Station 10	MCFR Station 10	Fire and Rescue Service	Fire-Talk	t	2024-08-22 18:54:36	2024-08-22 18:54:36
87	moco_md_ps	4635	T	Fire Station 19	MCFR Station 19	Fire and Rescue Service	Fire-Talk	t	2024-08-22 18:54:37	2024-08-22 18:54:37
97	moco_md_ps	4685	T	Fire Station 29	MCFR Station 29	Fire and Rescue Service	Fire-Talk	t	2024-08-22 18:54:38	2024-08-22 18:54:38
107	moco_md_ps	4790	T	Fire Station 50	MCFR Station 50	Fire and Rescue Service	Fire-Talk	t	2024-08-22 18:54:40	2024-08-22 18:54:40
117	moco_md_ps	6605	T	Intercounty Connector - Police	MdTA ICC PD	Maryland Transit Authority	Law Dispatch	t	2024-08-22 18:54:41	2024-08-22 18:54:41
59	moco_md_ps	4485	T	Battalion 1 Training	MCFR Batt 1 Trng	Fire and Rescue Service	Fire-Talk	t	2024-08-22 18:54:34	2024-08-22 18:54:34
69	moco_md_ps	4545	T	Fire Station 1	MCFR Station 1	Fire and Rescue Service	Fire-Talk	t	2024-08-22 18:54:35	2024-08-22 18:54:35
79	moco_md_ps	4595	T	Fire Station 11	MCFR Station 11	Fire and Rescue Service	Fire-Talk	t	2024-08-22 18:54:36	2024-08-22 18:54:36
88	moco_md_ps	4640	T	Fire Station 20	MCFR Station 20	Fire and Rescue Service	Fire-Talk	t	2024-08-22 18:54:37	2024-08-22 18:54:37
98	moco_md_ps	4690	T	Fire Station 30	MCFR Station 30	Fire and Rescue Service	Fire-Talk	t	2024-08-22 18:54:39	2024-08-22 18:54:39
108	moco_md_ps	4795	T	Fire Station 51	MCFR Station 51	Fire and Rescue Service	Fire-Talk	t	2024-08-22 18:54:40	2024-08-22 18:54:40
118	moco_md_ps	7390	T	Intercounty Connector - Maintenance/Snow Plows	MdTA ICC Mnt	Maryland Transit Authority	Public Works	t	2024-08-22 18:54:41	2024-08-22 18:54:41
60	moco_md_ps	4490	T	Battalion 2 Training	MCFR Batt 2 Trng	Fire and Rescue Service	Fire-Talk	t	2024-08-22 18:54:34	2024-08-22 18:54:34
70	moco_md_ps	4550	T	Fire Station 2	MCFR Station 2	Fire and Rescue Service	Fire-Talk	t	2024-08-22 18:54:35	2024-08-22 18:54:35
80	moco_md_ps	4600	T	Fire Station 12	MCFR Station 12	Fire and Rescue Service	Fire-Talk	t	2024-08-22 18:54:37	2024-08-22 18:54:37
89	moco_md_ps	4645	T	Fire Station 21	MCFR Station 21	Fire and Rescue Service	Fire-Talk	t	2024-08-22 18:54:38	2024-08-22 18:54:38
99	moco_md_ps	4695	T	Fire Station 31	MCFR Station 31	Fire and Rescue Service	Fire-Talk	t	2024-08-22 18:54:39	2024-08-22 18:54:39
109	moco_md_ps	4800	T	Fire Station 52	MCFR Station 52	Fire and Rescue Service	Fire-Talk	t	2024-08-22 18:54:40	2024-08-22 18:54:40
119	moco_md_ps	6487	T	Seneca Creek State Park Ops	Seneca Creek SP	Department of Natural Resources	Public Works	t	2024-08-22 18:54:41	2024-08-22 18:54:41
61	moco_md_ps	4495	T	Battalion 3 Training	MCFR Batt 3 Trng	Fire and Rescue Service	Fire-Talk	t	2024-08-22 18:54:34	2024-08-22 18:54:34
71	moco_md_ps	4555	T	Fire Station 3	MCFR Station 3	Fire and Rescue Service	Fire-Talk	t	2024-08-22 18:54:36	2024-08-22 18:54:36
81	moco_md_ps	4605	T	Fire Station 13	MCFR Station 13	Fire and Rescue Service	Fire-Talk	t	2024-08-22 18:54:37	2024-08-22 18:54:37
90	moco_md_ps	4650	T	Fire Station 22	MCFR Station 22	Fire and Rescue Service	Fire-Talk	t	2024-08-22 18:54:38	2024-08-22 18:54:38
100	moco_md_ps	4700	T	Fire Station 32	MCFR Station 32	Fire and Rescue Service	Fire-Talk	t	2024-08-22 18:54:39	2024-08-22 18:54:39
110	moco_md_ps	4805	T	Fire Station 53	MCFR Station 53	Fire and Rescue Service	Fire-Talk	t	2024-08-22 18:54:40	2024-08-22 18:54:40
120	moco_md_ps	6475	T	Police - Dispatch	M-NCPPC PD Disp	Maryland-National Capital Park and Planning Commission	Law Dispatch	t	2024-08-22 18:54:41	2024-08-22 18:54:41
62	moco_md_ps	4500	T	Battalion 4 Training	MCFR Batt 4 Trng	Fire and Rescue Service	Fire-Talk	t	2024-08-22 18:54:35	2024-08-22 18:54:35
72	moco_md_ps	4560	T	Fire Station 4	MCFR Station 4	Fire and Rescue Service	Fire-Talk	t	2024-08-22 18:54:36	2024-08-22 18:54:36
82	moco_md_ps	4610	T	Fire Station 14	MCFR Station 14	Fire and Rescue Service	Fire-Talk	t	2024-08-22 18:54:37	2024-08-22 18:54:37
91	moco_md_ps	4655	T	Fire Station 23	MCFR Station 23	Fire and Rescue Service	Fire-Talk	t	2024-08-22 18:54:38	2024-08-22 18:54:38
101	moco_md_ps	4705	T	Fire Station 33	MCFR Station 33	Fire and Rescue Service	Fire-Talk	t	2024-08-22 18:54:39	2024-08-22 18:54:39
111	moco_md_ps	4810	T	Fire Station 54	MCFR Station 54	Fire and Rescue Service	Fire-Talk	t	2024-08-22 18:54:40	2024-08-22 18:54:40
121	moco_md_ps	6490	T	P9 Parks Coordination	M-NCPPC P9 Coord	Maryland-National Capital Park and Planning Commission	Public Works	t	2024-08-22 18:54:41	2024-08-22 18:54:41
63	moco_md_ps	4505	T	Battalion 5 Training	MCFR Batt 5 Trng	Fire and Rescue Service	Fire-Talk	t	2024-08-22 18:54:35	2024-08-22 18:54:35
73	moco_md_ps	4565	T	Fire Station 5	MCFR Station 5	Fire and Rescue Service	Fire-Talk	t	2024-08-22 18:54:36	2024-08-22 18:54:36
83	moco_md_ps	4615	T	Fire Station 15	MCFR Station 15	Fire and Rescue Service	Fire-Talk	t	2024-08-22 18:54:37	2024-08-22 18:54:37
92	moco_md_ps	4660	T	Fire Station 24	MCFR Station 24	Fire and Rescue Service	Fire-Talk	t	2024-08-22 18:54:38	2024-08-22 18:54:38
102	moco_md_ps	4710	T	Fire Station 34	MCFR Station 34	Fire and Rescue Service	Fire-Talk	t	2024-08-22 18:54:39	2024-08-22 18:54:39
112	moco_md_ps	5250	T	7 Marine 1	MCFR 7 Marine 1	Fire and Rescue Service	Fire-Tac	t	2024-08-22 18:54:40	2024-08-22 18:54:40
122	moco_md_ps	7645	T	Correctional Facility Janitors	MC CorrFac Janit	Correction and Rehabilitation	Corrections	t	2024-08-22 18:54:41	2024-08-22 18:54:41
64	moco_md_ps	4515	T	Battalion 1 Announcement	MCFR Batt 1 Annc	Fire and Rescue Service	Fire-Talk	t	2024-08-22 18:54:35	2024-08-22 18:54:35
74	moco_md_ps	4570	T	Fire Station 6	MCFR Station 6	Fire and Rescue Service	Fire-Talk	t	2024-08-22 18:54:36	2024-08-22 18:54:36
84	moco_md_ps	4620	T	Fire Station 16	MCFR Station 16	Fire and Rescue Service	Fire-Talk	t	2024-08-22 18:54:37	2024-08-22 18:54:37
93	moco_md_ps	4665	T	Fire Station 25	MCFR Station 25	Fire and Rescue Service	Fire-Talk	t	2024-08-22 18:54:38	2024-08-22 18:54:38
103	moco_md_ps	4715	T	Fire Station 35	MCFR Station 35	Fire and Rescue Service	Fire-Talk	t	2024-08-22 18:54:39	2024-08-22 18:54:39
113	moco_md_ps	5285	T	Great Falls 1 (Fairfax 41H)	MCFR GreatFalls1	Fire and Rescue Service	Fire-Tac	t	2024-08-22 18:54:40	2024-08-22 18:54:40
123	moco_md_ps	7655	T	Correctional Facility 1 Primary	MC CorrFac 1	Correction and Rehabilitation	Corrections	t	2024-08-22 18:54:41	2024-08-22 18:54:41
127	moco_md_ps	7675	T	Detention Center 2 Perimeter	MC DetCntr 2	Correction and Rehabilitation	Corrections	t	2024-08-22 18:54:42	2024-08-22 18:54:42
128	moco_md_ps	7685	T	Pre-Release Center	MC Pre-Release	Correction and Rehabilitation	Corrections	t	2024-08-22 18:54:42	2024-08-22 18:54:42
129	moco_md_ps	7600	T	H3 Radio Shop	MC H3 RadioShp	Local Government	Public Works	t	2024-08-22 18:54:42	2024-08-22 18:54:42
130	moco_md_ps	7255	T	Public Works - Bethesda (Seven Locks)	MC PW Bethesda	Local Government	Public Works	t	2024-08-22 18:54:42	2024-08-22 18:54:42
131	moco_md_ps	7155	T	Public Works - Colesville	MC PW Colesville	Local Government	Public Works	t	2024-08-22 18:54:42	2024-08-22 18:54:42
132	moco_md_ps	7150	T	Public Works - Flaggers	MC PW Flag 7150	Local Government	Public Works	t	2024-08-22 18:54:42	2024-08-22 18:54:42
133	moco_md_ps	7175	T	Public Works - Flaggers	MC PW Flag 7175	Local Government	Public Works	t	2024-08-22 18:54:43	2024-08-22 18:54:43
134	moco_md_ps	7180	T	Public Works - Flaggers	MC PW Flag 7180	Local Government	Public Works	t	2024-08-22 18:54:43	2024-08-22 18:54:43
135	moco_md_ps	7205	T	Public Works - Flaggers	MC PW Flag 7205	Local Government	Public Works	t	2024-08-22 18:54:43	2024-08-22 18:54:43
136	moco_md_ps	7170	T	Public Works - Gaithersburg East Primary	MC PW Gbrg E Pri	Local Government	Public Works	t	2024-08-22 18:54:43	2024-08-22 18:54:43
137	moco_md_ps	7185	T	Public Works - Gaithersburg West	MC PW Gburg West	Local Government	Public Works	t	2024-08-22 18:54:43	2024-08-22 18:54:43
138	moco_md_ps	7140	T	Public Works - Roads Talkaround - Bethesda area	MC PW Roads T/A	Local Government	Public Works	t	2024-08-22 18:54:43	2024-08-22 18:54:43
139	moco_md_ps	7200	T	Public Works - Silver Spring	MC PW SilvSpring	Local Government	Public Works	t	2024-08-22 18:54:43	2024-08-22 18:54:43
140	moco_md_ps	6225	T	Public Works and Transportation - Security	MC PW Security	Local Government	Security	t	2024-08-22 18:54:43	2024-08-22 18:54:43
141	moco_md_ps	7735	T	Radio Testing	MC RadioTest7735	Local Government	Public Works	t	2024-08-22 18:54:43	2024-08-22 18:54:43
142	moco_md_ps	7745	T	Radio Testing	MC RadioTest7745	Local Government	Public Works	t	2024-08-22 18:54:43	2024-08-22 18:54:43
143	moco_md_ps	7615	T	Radio Testing (Metro Tunnels)	MC RadioTest7615	Local Government	Public Works	t	2024-08-22 18:54:44	2024-08-22 18:54:44
144	moco_md_ps	7700	T	Ride On - Administration	MC Ride On Admin	Ride On	Transportation	t	2024-08-22 18:54:44	2024-08-22 18:54:44
145	moco_md_ps	7690	T	Ride On - Buses	MC RideOn 7690	Ride On	Transportation	t	2024-08-22 18:54:44	2024-08-22 18:54:44
146	moco_md_ps	7705	T	Ride On - Buses	MC RideOn 7705	Ride On	Transportation	t	2024-08-22 18:54:44	2024-08-22 18:54:44
147	moco_md_ps	7710	T	Ride On - Buses	MC RideOn 7710	Ride On	Transportation	t	2024-08-22 18:54:44	2024-08-22 18:54:44
148	moco_md_ps	7715	T	Ride On - Buses	MC RideOn 7715	Ride On	Transportation	t	2024-08-22 18:54:44	2024-08-22 18:54:44
149	moco_md_ps	7695	T	Ride On - Busses	MC RideOn 7695	Ride On	Transportation	t	2024-08-22 18:54:44	2024-08-22 18:54:44
150	moco_md_ps	7100	T	Ride On - Supervisors	MC RideOnSup7100	Ride On	Transportation	t	2024-08-22 18:54:44	2024-08-22 18:54:44
151	moco_md_ps	7720	T	Ride On - Supervisors	MC RideOnSup7720	Ride On	Transportation	t	2024-08-22 18:54:45	2024-08-22 18:54:45
152	moco_md_ps	7730	T	Ride On - Supervisors	MC RideOnSup7730	Ride On	Transportation	t	2024-08-22 18:54:45	2024-08-22 18:54:45
153	moco_md_ps	7215	T	Traffic Management Center 1	MC TraffMgmtCtr1	Local Government	Public Works	t	2024-08-22 18:54:45	2024-08-22 18:54:45
154	moco_md_ps	7220	T	Traffic Management Center 2	MC TraffMgmtCtr2	Local Government	Public Works	t	2024-08-22 18:54:45	2024-08-22 18:54:45
155	moco_md_ps	7275	T	Westfield Wheaton North Building - Security	WstfldWhtnNBldg	Local Government	Security	t	2024-08-22 18:54:45	2024-08-22 18:54:45
156	moco_md_ps	4455	T	7N1 Fire	NIST 7N1 Fire	NIST	Fire Dispatch	t	2024-08-22 18:54:45	2024-08-22 18:54:45
157	moco_md_ps	6610	T	7N2 Police	NIST 7N2 Police	NIST	Law Dispatch	t	2024-08-22 18:54:45	2024-08-22 18:54:45
158	moco_md_ps	4460	T	7N3 Safety	NIST 7N3 Safety	NIST	Fire-Tac	t	2024-08-22 18:54:45	2024-08-22 18:54:45
159	moco_md_ps	4470	T	7N5 Emergency (Fire Response)	NIST 7N5 Emerg	NIST	Fire-Tac	t	2024-08-22 18:54:45	2024-08-22 18:54:45
160	moco_md_ps	4475	T	7N6 Announcement	NIST 7N6 Annc	NIST	Fire-Tac	t	2024-08-22 18:54:46	2024-08-22 18:54:46
161	moco_md_ps	6000	T	A1 District 1 Dispatch (Rockville)	MCPD A1 Dist1	Police	Law Dispatch	t	2024-08-22 18:54:46	2024-08-22 18:54:46
162	moco_md_ps	6005	T	A2 District 2 Dispatch (Bethesda)	MCPD A2 Dist2	Police	Law Dispatch	t	2024-08-22 18:54:46	2024-08-22 18:54:46
163	moco_md_ps	6010	T	A3 District 3 Dispatch (Silver Spring)	MCPD A3 Dist3	Police	Law Dispatch	t	2024-08-22 18:54:46	2024-08-22 18:54:46
164	moco_md_ps	6015	T	A4 District 4 Dispatch (Wheaton)	MCPD A4 Dist4	Police	Law Dispatch	t	2024-08-22 18:54:46	2024-08-22 18:54:46
165	moco_md_ps	6020	T	A5 District 5 Dispatch (Germantown)	MCPD A5 Dist5	Police	Law Dispatch	t	2024-08-22 18:54:46	2024-08-22 18:54:46
166	moco_md_ps	6025	T	A6 District 6 Dispatch (Montgomery Village)	MCPD A6 Dist6	Police	Law Dispatch	t	2024-08-22 18:54:46	2024-08-22 18:54:46
167	moco_md_ps	6220	T	G10 Animal Services	MCPD Animal Serv	Police	Law Tac	t	2024-08-22 18:54:46	2024-08-22 18:54:46
168	moco_md_ps	6235	T	B10 Rockville Police Dispatch	Rockville PD Dsp	Police	Law Dispatch	t	2024-08-22 18:54:46	2024-08-22 18:54:46
169	moco_md_ps	6375	T	A12 Takoma Park Police Dispatch	TakomaPkPD 1	Police	Law Dispatch	t	2024-08-22 18:54:47	2024-08-22 18:54:47
170	moco_md_ps	6400	T	Training	MCPD Trng 6400	Police	Law Talk	t	2024-08-22 18:54:47	2024-08-22 18:54:47
171	moco_md_ps	6405	T	Training	MCPD Trng 6405	Police	Law Talk	t	2024-08-22 18:54:47	2024-08-22 18:54:47
172	moco_md_ps	6410	T	Training	MCPD Trng 6410	Police	Law Talk	t	2024-08-22 18:54:47	2024-08-22 18:54:47
173	moco_md_ps	6535	T	A11 Chevy Chase Village Police Dispatch	ChevyChaseVillPD	Police	Law Dispatch	t	2024-08-22 18:54:47	2024-08-22 18:54:47
174	moco_md_ps	6565	T	Training	MCPD Trng 6565	Police	Law Talk	t	2024-08-22 18:54:47	2024-08-22 18:54:47
175	moco_md_ps	6570	T	Training	MCPD Trng 6570	Police	Law Talk	t	2024-08-22 18:54:47	2024-08-22 18:54:47
176	moco_md_ps	6575	T	Training	MCPD Trng 6575	Police	Law Talk	t	2024-08-22 18:54:47	2024-08-22 18:54:47
177	moco_md_ps	6580	T	Training	MCPD Trng 6580	Police	Law Talk	t	2024-08-22 18:54:47	2024-08-22 18:54:47
186	moco_md_ps	3580	T	J5 Special Events 5	Mont J5 SpEv 5	Interop	Interop	t	2024-08-22 18:54:48	2024-08-22 18:54:48
196	moco_md_ps	3655	T	L8 Local Government Coordination 2	Mont L8 LGCRD 2	Interop	Interop	t	2024-08-22 18:54:50	2024-08-22 18:54:50
178	moco_md_ps	6585	T	Training	MCPD Trng 6585	Police	Law Talk	t	2024-08-22 18:54:48	2024-08-22 18:54:48
187	moco_md_ps	3585	T	J6 Special Events 6	Mont J6 SpEv 6	Interop	Interop	t	2024-08-22 18:54:49	2024-08-22 18:54:49
197	moco_md_ps	3660	T	L9 Local Government Coordination 3	Mont L9 LGCRD 3	Interop	Interop	t	2024-08-22 18:54:50	2024-08-22 18:54:50
179	moco_md_ps	6590	T	Training	MCPD Trng 6590	Police	Law Talk	t	2024-08-22 18:54:48	2024-08-22 18:54:48
188	moco_md_ps	3590	T	Mont J7 SpEvAnnc	J7 Special Events Announcement	Interop	Interop	t	2024-08-22 18:54:49	2024-08-22 18:54:49
198	moco_md_ps	3665	T	L10 Local Government Coordination 4	Mont L10 LGCRD 4	Interop	Interop	t	2024-08-22 18:54:50	2024-08-22 18:54:50
180	moco_md_ps	7605	T	Chevy Chase Village Police Tac 1	ChevyChVillPD T1	Police	Law Tac	t	2024-08-22 18:54:48	2024-08-22 18:54:48
189	moco_md_ps	3620	T	L1 Local Government Emergency 1	Mont L1 LGEM 1	Interop	Interop	t	2024-08-22 18:54:49	2024-08-22 18:54:49
199	moco_md_ps	3670	T	L11 Local Government Coordination Announcement	Mont L11	Interop	Interop	t	2024-08-22 18:54:50	2024-08-22 18:54:50
181	moco_md_ps	6800	T	Police (H2) (also MD Natural Resources Police)	WSSC Police	Washington Suburban Sanitary Commission	Law Dispatch	t	2024-08-22 18:54:48	2024-08-22 18:54:48
190	moco_md_ps	3625	T	L2 Local Government Emergency 2	Mont L2 LGEM 2	Interop	Interop	t	2024-08-22 18:54:49	2024-08-22 18:54:49
200	moco_md_ps	3680	T	L16 911 Local Government Emergency Revert	Mont L16 911	Interop	Interop	t	2024-08-22 18:54:50	2024-08-22 18:54:50
182	moco_md_ps	3560	T	J1 Special Events 1	Mont J1 SpEv 1	Interop	Interop	t	2024-08-22 18:54:48	2024-08-22 18:54:48
191	moco_md_ps	3630	T	L3 Local Government Emergency 3	Mont L3 LGEM 3	Interop	Interop	t	2024-08-22 18:54:49	2024-08-22 18:54:49
201	moco_md_ps	3695	T	FMARS Patch	FMARS Patch	Interop	Interop	t	2024-08-22 18:54:50	2024-08-22 18:54:50
183	moco_md_ps	3565	T	J2 Special Events 2	Mont J2 SpEv 2	Interop	Interop	t	2024-08-22 18:54:48	2024-08-22 18:54:48
192	moco_md_ps	3635	T	L4 Local Government Emergency 4	Mont L4 LGEM 4	Interop	Interop	t	2024-08-22 18:54:49	2024-08-22 18:54:49
184	moco_md_ps	3570	T	J3 Special Events 3	Mont J3 SpEv 3	Interop	Interop	t	2024-08-22 18:54:48	2024-08-22 18:54:48
194	moco_md_ps	3645	T	L6 Local Government Emergency Announcement	MontL6 LGEM ANNC	Interop	Interop	t	2024-08-22 18:54:49	2024-08-22 18:54:49
185	moco_md_ps	3575	T	J4 Special Events 4	Mont J4 SpEv 4	Interop	Interop	t	2024-08-22 18:54:48	2024-08-22 18:54:48
195	moco_md_ps	3650	T	L7 Local Government Coordination 1	Mont L7 LGCRD 1	Interop	Interop	t	2024-08-22 18:54:49	2024-08-22 18:54:49
193	moco_md_ps	3640	T	L5 Local Government Emergency 5	Mont L5 LGEM 5	Interop	Interop	t	2024-08-22 18:54:49	2024-08-22 18:54:49
\.


--
-- Data for Name: calls; Type: TABLE DATA; Schema: public; Owner: postgres
--

COPY public.calls (id, filename, system_id, emergency, call_length, error_count, freq, source_list, spike_count, start_time, stop_time, talk_group_id, talkgroup_num, transcript) FROM stdin;
67	7690-1724353902_851275000.1-call_118.m4a	moco_md_ps	f	4	0	851275000	{"{\\"pos\\": 0.0, \\"src\\": 704917}"}	0	2024-08-22 19:11:42	2024-08-22 19:11:47	145	7690	10-4-20-11. Appreciate you looking. No problem. Have a good day.
257	4400-1724355221_853362500.1-call_205.m4a	moco_md_ps	f	2	0	853362500	{"{\\"pos\\": 0.0, \\"src\\": 2502761}"}	0	2024-08-22 19:33:41	2024-08-22 19:33:43	50	4400	Okay, bye-bye.
72	6800-1724353958_851275000.0-call_131.m4a	moco_md_ps	f	2	0	851275000	{"{\\"pos\\": 0.0, \\"src\\": 2539055}"}	0	2024-08-22 19:12:38	2024-08-22 19:12:41	181	6800	I'm going to have to fill me up right now.
8	6010-1724353556_851275000.1-call_3.m4a	moco_md_ps	f	1	0	851275000	{"{\\"pos\\": 0.0, \\"src\\": 2511607}"}	0	2024-08-22 19:05:56	2024-08-22 19:05:57	163	6010	Copy.
9	6375-1724353559_852887500.0-call_5.m4a	moco_md_ps	f	2	0	852887500	{"{\\"pos\\": 0.0, \\"src\\": 2513857}"}	0	2024-08-22 19:06:00	2024-08-22 19:06:02	169	6375	32-4, Thompson.
10	6010-1724353561_852837500.0-call_7.m4a	moco_md_ps	f	4	0	852837500	{"{\\"pos\\": 0.0, \\"src\\": 43}"}	0	2024-08-22 19:06:02	2024-08-22 19:06:06	163	6010	We'll push 15 minutes off and then I'll pick you up.
11	7700-1724353558_851275000.0-call_4.m4a	moco_md_ps	f	7	0	851275000	{"{\\"pos\\": 0.0, \\"src\\": 303}"}	0	2024-08-22 19:05:59	2024-08-22 19:06:06	144	7700	The bus number is going to be 4054. 4054. Whichever one of you guys get there first.
12	6375-1724353565_852837500.1-call_8.m4a	moco_md_ps	f	1	0	852837500	{"{\\"pos\\": 0.0, \\"src\\": 211}"}	0	2024-08-22 19:06:05	2024-08-22 19:06:07	169	6375	Thank you.
13	7745-1724353561_851275000.1-call_6.m4a	moco_md_ps	f	4	0	851275000	{"{\\"pos\\": 0.0, \\"src\\": 706404}","{\\"pos\\": 4.36, \\"src\\": -1}"}	0	2024-08-22 19:06:02	2024-08-22 19:06:08	142	7745	9-4, the unit 1.
14	6020-1724353555_852887500.1-call_2.m4a	moco_md_ps	f	15	0	852887500	{"{\\"pos\\": 0.0, \\"src\\": 46}"}	0	2024-08-22 19:05:55	2024-08-22 19:06:11	165	6020	Go ahead. Go ahead and run at 19342 Archdale Road. Caller Trinaldo saying that a black Toyota Camry hit his vehicle and still parked near them. They're in a gray Toyota Sienna. Striking vehicle tags 1 George George 8930.
15	7700-1724353571_853275000.1-call_11.m4a	moco_md_ps	f	2	0	853275000	{"{\\"pos\\": 0.0, \\"src\\": 705506}"}	0	2024-08-22 19:06:11	2024-08-22 19:06:13	144	7700	Thank you.
16	6010-1724353569_853275000.0-call_10.m4a	moco_md_ps	f	11	0	853275000	{"{\\"pos\\": 0.0, \\"src\\": 43}"}	0	2024-08-22 19:06:10	2024-08-22 19:06:22	163	6010	23, I'm direct. Thank you. 15 seconds. 422, you can clear this 2737-5, and I'll be with 414 on the accident.
17	7745-1724353572_852912500.1-call_12.m4a	moco_md_ps	f	8	0	852912500	{"{\\"pos\\": 0.0, \\"src\\": 706422}","{\\"pos\\": 2.12, \\"src\\": 706404}"}	0	2024-08-22 19:06:13	2024-08-22 19:06:23	142	7745	10-3, Unit 1. Hey KB, whenever you get a chance, you can come back to the office. The CMAX will be ready for you.
18	6020-1724353587_853362500.0-call_15.m4a	moco_md_ps	f	1	0	853362500	{"{\\"pos\\": 0.0, \\"src\\": 46}"}	0	2024-08-22 19:06:27	2024-08-22 19:06:28	165	6020	Yeah, I suppose.
19	7745-1724353585_853362500.1-call_14.m4a	moco_md_ps	f	3	0	853362500	{"{\\"pos\\": 0.0, \\"src\\": 706422}"}	0	2024-08-22 19:06:25	2024-08-22 19:06:29	142	7745	Thank you, sir.
20	6010-1724353588_851487500.1-call_16.m4a	moco_md_ps	f	3	0	851487500	{"{\\"pos\\": 0.0, \\"src\\": 43}"}	0	2024-08-22 19:06:28	2024-08-22 19:06:31	163	6010	Okay, 422, that's 15.6.
21	7745-1724353593_853112500.0-call_17.m4a	moco_md_ps	f	1	0	853112500	{"{\\"pos\\": 0.0, \\"src\\": 706404}"}	0	2024-08-22 19:06:34	2024-08-22 19:06:35	142	7745	Move on.
22	6020-1724353594_853112500.1-call_18.m4a	moco_md_ps	f	3	0	853112500	{"{\\"pos\\": 0.0, \\"src\\": 46}"}	0	2024-08-22 19:06:34	2024-08-22 19:06:38	165	6020	4-923. Copy, 3-2-6.
23	7690-1724353603_851650000.0-call_21.m4a	moco_md_ps	f	3	0	851650000	{"{\\"pos\\": 0.0, \\"src\\": 303}"}	0	2024-08-22 19:06:44	2024-08-22 19:06:46	145	7690	Four zero seven two.
24	6595-1724353609_851650000.0-call_23.m4a	moco_md_ps	f	3	0	851650000	{"{\\"pos\\": 0.0, \\"src\\": 2127073}"}	0	2024-08-22 19:06:50	2024-08-22 19:06:53	1	6595	18R, clear.
25	7695-1724353613_852837500.0-call_26.m4a	moco_md_ps	f	2	0	852837500	{"{\\"pos\\": 0.0, \\"src\\": 302}","{\\"pos\\": 1.96, \\"src\\": -1}"}	0	2024-08-22 19:06:53	2024-08-22 19:06:57	149	7695	Two zero zero two.
26	6010-1724353621_851275000.0-call_29.m4a	moco_md_ps	f	3	0	851275000	{"{\\"pos\\": 0.0, \\"src\\": 2513132}","{\\"pos\\": 2.6, \\"src\\": -1}"}	0	2024-08-22 19:07:01	2024-08-22 19:07:06	163	6010	316 arrival, 705.
27	6000-1724353605_851650000.1-call_22.m4a	moco_md_ps	f	20	0	851650000	{"{\\"pos\\": 0.0, \\"src\\": 42}"}	0	2024-08-22 19:06:45	2024-08-22 19:07:07	161	6000	Calling to say goodbye to traffic. In the area of Coral Sea Drive and Broadwood Drive, there's a 14-year-old driving his dirt bike past the roadway. It's a blue and red dirt bike, and the National Travel is making a loop around the area. Subject to light now, 14, wearing a full face helmet.
28	6010-1724353629_851650000.1-call_30.m4a	moco_md_ps	f	1	0	851650000	{"{\\"pos\\": 0.0, \\"src\\": 43}"}	0	2024-08-22 19:07:09	2024-08-22 19:07:10	163	6010	Okay, that's having.
29	4005-1724353643_853275000.0-call_33.m4a	moco_md_ps	f	15	135	853275000	{"{\\"pos\\": 0.0, \\"src\\": 66}","{\\"pos\\": 1.26, \\"src\\": 66}"}	9	2024-08-22 19:07:23	2024-08-22 19:07:40	6	4005	Brightview, Bethesda, Woodmont, 4907, Rugby Avenue, Unit 712, Cross Street, Auburn Avenue, Injured Person, DOS, Ambulance, 707, Response 7, Alpha 1, Boxer, 629, Correction, 69, 1507.
30	7695-1724353618_851337500.0-call_27.m4a	moco_md_ps	f	47	0	851337500	{"{\\"pos\\": 0.0, \\"src\\": 302}","{\\"pos\\": 14.32, \\"src\\": 302}","{\\"pos\\": 45.92, \\"src\\": 704911}"}	0	2024-08-22 19:06:59	2024-08-22 19:07:54	149	7695	Sue 002. Yeah, good afternoon, Sue 002. I have a passenger that left a bag on your bus, possibly. Could you check your bus for a lost bag, please? Did they say what route it was, Bernadette? This is Tina, and it was the Route 83 coming from Helicross. It's like a shopping bag. Fool me. It was a bunch of groceries left at the bay, and they may still be there, but I'm getting out of the seat to double-check right now. I appreciate that, sir, if you would do that. That's very kind of you.
151	6610-1724354477_853275000.0-call_268.m4a	moco_md_ps	f	22	0	853275000	{"{\\"pos\\": 0.0, \\"src\\": 2514660}","{\\"pos\\": 6.28, \\"src\\": 2514660}"}	0	2024-08-22 19:21:18	2024-08-22 19:21:45	157	6610	He left his badge in the computer, so he said, but I'll be asking me to let him in. Okay, let's start. Last name is Bernard, B-A-R-N-E-T-T-T-O-N-T-O-N. Let's bring it. L-A-V-E-R-G-N-E.
31	7700-1724353675_853362500.0-call_40.m4a	moco_md_ps	f	3	0	853362500	{"{\\"pos\\": 0.0, \\"src\\": 705508}","{\\"pos\\": 2.88, \\"src\\": -1}"}	0	2024-08-22 19:07:56	2024-08-22 19:08:01	144	7700	405, I'm 10-5 at 4054.
68	6375-1724353899_851337500.0-call_116.m4a	moco_md_ps	f	12	0	851337500	{"{\\"pos\\": 0.0, \\"src\\": 2513833}","{\\"pos\\": 1.48, \\"src\\": 211}","{\\"pos\\": 2.28, \\"src\\": 2513833}","{\\"pos\\": 10.72, \\"src\\": 211}","{\\"pos\\": 11.88, \\"src\\": -1}"}	0	2024-08-22 19:11:39	2024-08-22 19:12:02	169	6375	22. 22. I was able to get a hold of her son via telephone. He advised he's going to come check up on her. She's Ocean King. She's Emma.
70	6220-1724353929_852887500.0-call_123.m4a	moco_md_ps	f	14	0	852887500	{"{\\"pos\\": 0.0, \\"src\\": 700437}","{\\"pos\\": 1.32, \\"src\\": 700455}","{\\"pos\\": 2.48, \\"src\\": 700455}"}	0	2024-08-22 19:12:09	2024-08-22 19:12:30	167	6220	45. You can go ahead. Clear. Copy. And whenever you're ready, there's going to be a rescue at 13900 Highstream Place, Germantown 5D for an abandoned baby rabbit in the corner of the front patio.
71	6220-1724353952_853362500.0-call_129.m4a	moco_md_ps	f	2	0	853362500	{"{\\"pos\\": 0.0, \\"src\\": 700455}"}	0	2024-08-22 19:12:32	2024-08-22 19:12:36	167	6220	Correct. Good job.
162	6010-1724354576_851337500.1-call_7.m4a	moco_md_ps	f	17	0	851337500	{"{\\"pos\\": 0.0, \\"src\\": 43}","{\\"pos\\": 14.56, \\"src\\": 2513301}","{\\"pos\\": 17.32, \\"src\\": -1}"}	0	2024-08-22 19:22:56	2024-08-22 19:23:18	163	6010	13,046 Rhapsody Lane. That's 13046 Rhapsody Lane. ADT is calling in. Should be a perimeter dining room activated. Should be audible. Owner is Rosanna Haywood. Copy. 4 out of 13, I'll go with him.
73	6000-1724353945_852887500.1-call_127.m4a	moco_md_ps	f	15	0	852887500	{"{\\"pos\\": 0.0, \\"src\\": 2512072}"}	0	2024-08-22 19:12:26	2024-08-22 19:12:43	161	6000	Warbaker 32 for a tow truck. Warbaker 32. It's going to be for Pennsylvania tag Mary Mary Yankee 1313. Ford Escape. It's going to be because of the accident. Gray in color. My location.
163	6020-1724354590_853162500.1-call_13.m4a	moco_md_ps	f	7	0	853162500	{"{\\"pos\\": 0.0, \\"src\\": 46}"}	0	2024-08-22 19:23:11	2024-08-22 19:23:18	165	6020	2-90-12. We have him. He's at the house. Okay, child's been located at the house.
76	6595-1724353962_853275000.1-call_132.m4a	moco_md_ps	f	7	0	853275000	{"{\\"pos\\": 0.0, \\"src\\": 2125615}","{\\"pos\\": 6.44, \\"src\\": 2127073}"}	0	2024-08-22 19:12:43	2024-08-22 19:12:53	1	6595	Fort Rockville. The vehicles out of the roadway and the driver advised that they were waiting for a tow truck. I'll be clear.
83	6015-1724354065_851487500.1-call_153.m4a	moco_md_ps	f	21	0	851487500	{"{\\"pos\\": 0.0, \\"src\\": 2510027}"}	0	2024-08-22 19:14:26	2024-08-22 19:14:51	164	6015	4 John 13 for a call. Okay. Miscellaneous at the Walgreens, 13307 New Hampshire Avenue. Caller is the store manager, Dama. Wants to speak to an officer. Subject from a house nearby dumping their trash in the business trash. They have the subject's name. Yeah, I'll take care of that with a phone call.
164	6010-1724354599_851275000.1-call_14.m4a	moco_md_ps	f	1	0	851275000	{"{\\"pos\\": 0.0, \\"src\\": 43}"}	0	2024-08-22 19:23:19	2024-08-22 19:23:20	163	6010	1523.
88	7695-1724354105_851275000.0-call_164.m4a	moco_md_ps	f	15	0	851275000	{"{\\"pos\\": 0.0, \\"src\\": 302}","{\\"pos\\": 4.04, \\"src\\": 302}"}	0	2024-08-22 19:15:06	2024-08-22 19:15:24	149	7695	5-3-2-7. 5-3-2-7. Go ahead, 5327. Yeah, good afternoon, 327. I'm in need of a bus switch when you get back to Silver Spring Station. Would you be able to help me out with that?
89	4385-1724354121_851275000.1-call_166.m4a	moco_md_ps	f	1	0	851275000	{"{\\"pos\\": 0.0, \\"src\\": 501}","{\\"pos\\": 1.16, \\"src\\": -1}"}	0	2024-08-22 19:15:22	2024-08-22 19:15:26	47	4385	Hey, Alpha. Hey, Alpha.
176	6010-1724354665_853275000.1-call_37.m4a	moco_md_ps	f	5	0	853275000	{"{\\"pos\\": 0.0, \\"src\\": 43}","{\\"pos\\": 4.08, \\"src\\": 2510924}"}	0	2024-08-22 19:24:25	2024-08-22 19:24:34	163	6010	Yeah, that's fine. 4 out of 15, you can disconnect. Okay, thanks.
111	6010-1724354260_852887500.1-call_204.m4a	moco_md_ps	f	6	0	852887500	{"{\\"pos\\": 0.0, \\"src\\": 2510822}","{\\"pos\\": 6.2, \\"src\\": -1}"}	0	2024-08-22 19:17:40	2024-08-22 19:17:49	163	6010	I don't need any more priority. Just to retain, please. We have going on.
121	6610-1724354314_853112500.1-call_221.m4a	moco_md_ps	f	4	0	853112500	{"{\\"pos\\": 0.0, \\"src\\": 2514699}","{\\"pos\\": 3.84, \\"src\\": -1}"}	0	2024-08-22 19:18:35	2024-08-22 19:18:40	157	6610	Charlie, get to truck inspection. We have UPS en route.
122	6005-1724354327_852887500.0-call_224.m4a	moco_md_ps	f	8	0	852887500	{"{\\"pos\\": 0.0, \\"src\\": 2513083}"}	0	2024-08-22 19:18:47	2024-08-22 19:18:58	162	6005	Yeah, if the other units are good, I can head to that PDC and take that.
126	7695-1724354356_851275000.1-call_232.m4a	moco_md_ps	f	2	0	851275000	{"{\\"pos\\": 0.0, \\"src\\": 302}"}	0	2024-08-22 19:19:17	2024-08-22 19:19:19	149	7695	5087.
140	6020-1724354421_852912500.0-call_256.m4a	moco_md_ps	f	21	0	852912500	{"{\\"pos\\": 0.0, \\"src\\": 46}","{\\"pos\\": 11.48, \\"src\\": 2511287}","{\\"pos\\": 12.92, \\"src\\": 46}"}	0	2024-08-22 19:20:21	2024-08-22 19:20:49	165	6020	Yeah, there's a couple of us coming into the area for the mission at risk. Can you give us the description one more time? Asian male, 11 years old, in a dark green shirt and blue shorts, about five foot tall, in a slim build. Got it. And also, make sure we search the house immediately, please. Okay, make sure that somebody searches the house immediately.
149	4005-1724354468_851337500.0-call_264.m4a	moco_md_ps	f	12	397	851337500	{"{\\"pos\\": 0.0, \\"src\\": 66}","{\\"pos\\": 0.9, \\"src\\": 66}"}	42	2024-08-22 19:21:08	2024-08-22 19:21:22	6	4005	20,805. Fairway View Drive, Cross Street, Dorsey Road. Decreased LWC AOS 1. Paramedic engine 728. Ambulance 728. Response 701. Boxer 1716. 1520.
258	6610-1724355229_851275000.0-call_209.m4a	moco_md_ps	f	2	0	851275000	{"{\\"pos\\": 0.0, \\"src\\": 2514672}"}	0	2024-08-22 19:33:49	2024-08-22 19:33:51	157	6610	Charlie, this is Charlie.
32	6010-1724353675_851337500.1-call_39.m4a	moco_md_ps	f	13	0	851337500	{"{\\"pos\\": 0.0, \\"src\\": 2512646}"}	0	2024-08-22 19:07:56	2024-08-22 19:08:11	163	6010	DCIC. DCIC. Yeah, T. George 22. Give me a call, please, in reference to his vandalism call. 240-246-3753.
69	6375-1724353926_852887500.1-call_122.m4a	moco_md_ps	f	6	0	852887500	{"{\\"pos\\": 0.0, \\"src\\": 2513833}","{\\"pos\\": 1.32, \\"src\\": 2513833}","{\\"pos\\": 4.32, \\"src\\": 211}"}	0	2024-08-22 19:12:07	2024-08-22 19:12:18	169	6375	22 good. Go ahead with that. 2952-1 Copy that, 1512.
152	6005-1724354496_852912500.0-call_275.m4a	moco_md_ps	f	11	0	852912500	{"{\\"pos\\": 0.0, \\"src\\": 48}"}	0	2024-08-22 19:21:37	2024-08-22 19:21:48	162	6005	And Edward 1, she's advising that she saw a UPS truck driving away but didn't see anything else suspicious but is worried that her son was possibly kidnapped.
77	7730-1724353970_851487500.1-call_137.m4a	moco_md_ps	f	28	0	851487500	{"{\\"pos\\": 0.0, \\"src\\": 302}"}	0	2024-08-22 19:12:51	2024-08-22 19:13:18	152	7730	Attention ride-on operators, ride-on operators. We're getting a lot of calls from pedestrians and passengers off our buses here at Central. Please know that the number that you guys have for Central is not a number you need to give out. If people have lost their items, give them your lost and found number to your depot, please. Please stop giving out our phone numbers.
80	6000-1724354052_851650000.0-call_151.m4a	moco_md_ps	f	16	0	851650000	{"{\\"pos\\": 0.0, \\"src\\": 2512072}"}	0	2024-08-22 19:14:13	2024-08-22 19:14:31	161	6000	It's going to be 7 Charlie Robert 1771. It's going to be on a blue Toyota. And it's going to be because of the accident.
165	6595-1724354584_852887500.0-call_9.m4a	moco_md_ps	f	13	0	852887500	{"{\\"pos\\": 0.0, \\"src\\": 2127073}","{\\"pos\\": 12.8, \\"src\\": 2127073}"}	0	2024-08-22 19:23:05	2024-08-22 19:23:24	1	6595	18 Rockville. Hi. 18 Rockville. I'm out with two vehicles. We're going to be right where, yeah, we're supposed to be in the North Boundary 70 Indy Corps area. Looks like it might be an entity. Oh.
91	6010-1724354148_852912500.1-call_172.m4a	moco_md_ps	f	2	0	852912500	{"{\\"pos\\": 0.0, \\"src\\": 2511022}"}	0	2024-08-22 19:15:48	2024-08-22 19:15:50	163	6010	414 cranes.
97	6020-1724354170_851487500.0-call_181.m4a	moco_md_ps	f	4	0	851487500	{"{\\"pos\\": 0.0, \\"src\\": 46}"}	0	2024-08-22 19:16:11	2024-08-22 19:16:16	165	6020	560 myself and all the 560s will be en route as well. Copy.
177	6020-1724354673_851487500.0-call_40.m4a	moco_md_ps	f	2	0	851487500	{"{\\"pos\\": 0.0, \\"src\\": 2510636}"}	0	2024-08-22 19:24:33	2024-08-22 19:24:35	165	6020	Yeah.
98	6010-1724354171_851487500.1-call_183.m4a	moco_md_ps	f	7	0	851487500	{"{\\"pos\\": 0.0, \\"src\\": 2510822}","{\\"pos\\": 1.88, \\"src\\": 2510822}"}	0	2024-08-22 19:16:11	2024-08-22 19:16:23	163	6010	Here on Nancy, 575393 Louisiana.
115	6610-1724354273_853275000.1-call_209.m4a	moco_md_ps	f	8	0	853275000	{"{\\"pos\\": 0.0, \\"src\\": 2514668}"}	0	2024-08-22 19:17:53	2024-08-22 19:18:01	157	6610	Building 216 check-in is secured. Show me building 235 main lobby for 1044.
178	6005-1724354663_853162500.1-call_36.m4a	moco_md_ps	f	10	0	853162500	{"{\\"pos\\": 0.0, \\"src\\": 2513182}","{\\"pos\\": 6.8, \\"src\\": 48}"}	0	2024-08-22 19:24:24	2024-08-22 19:24:38	162	6005	Turn two or three. Go ahead. Units go into the possible kidnapping. They can increase it to priority. Units en route to Hunting Street direct a priority response.
120	6020-1724354291_853275000.0-call_214.m4a	moco_md_ps	f	14	0	853275000	{"{\\"pos\\": 0.0, \\"src\\": 46}","{\\"pos\\": 14.12, \\"src\\": -1}"}	0	2024-08-22 19:18:11	2024-08-22 19:18:27	165	6020	Probably was going out to the missing at-risk subject. It was last seen about five minutes ago. He left on foot behind the house into the wooded area. They're saying that he never goes back there and that he's known to cover his ears. I guess he doesn't like loud noises.
130	7695-1724354371_853275000.1-call_239.m4a	moco_md_ps	f	2	0	853275000	{"{\\"pos\\": 0.0, \\"src\\": 302}","{\\"pos\\": 2.12, \\"src\\": -1}"}	0	2024-08-22 19:19:32	2024-08-22 19:19:38	149	7695	Five zero eight seven.
179	6015-1724354670_853162500.0-call_39.m4a	moco_md_ps	f	6	0	853162500	{"{\\"pos\\": 0.0, \\"src\\": 50}","{\\"pos\\": 0.72, \\"src\\": 2510491}"}	0	2024-08-22 19:24:31	2024-08-22 19:24:39	164	6015	Negative. Alright, it should just be an exchange, but just hold me out here for a minute. And I'm fine.
143	6475-1724354468_851487500.1-call_266.m4a	moco_md_ps	f	2	0	851487500	{"{\\"pos\\": 0.0, \\"src\\": 205}"}	0	2024-08-22 19:21:09	2024-08-22 19:21:11	120	6475	Stay faithful.
187	6595-1724354715_851337500.0-call_55.m4a	moco_md_ps	f	3	0	851337500	{"{\\"pos\\": 0.0, \\"src\\": 2127073}","{\\"pos\\": 2.68, \\"src\\": -1}"}	0	2024-08-22 19:25:16	2024-08-22 19:25:20	1	6595	Thank you, Michael.
193	6475-1724354802_852887500.1-call_70.m4a	moco_md_ps	f	5	0	852887500	{"{\\"pos\\": 0.0, \\"src\\": 205}"}	0	2024-08-22 19:26:43	2024-08-22 19:26:48	120	6475	Rotary 62, I'm clear and out of service. 15-46.
195	6000-1724354814_851650000.1-call_73.m4a	moco_md_ps	f	18	0	851650000	{"{\\"pos\\": 0.0, \\"src\\": 2510654}","{\\"pos\\": 2.76, \\"src\\": 42}","{\\"pos\\": 15.16, \\"src\\": 2510654}","{\\"pos\\": 16.32, \\"src\\": 2512253}"}	0	2024-08-22 19:26:55	2024-08-22 19:27:22	161	6000	5 and 23, sir. Good. 4 is left. 12-0-5-9, Rockville Pike. 12-0-5-9, Rockville Pike at Marshalls. Lindsay is the caller. A repeat shock lifter is concealing kids' clothing in a duffel bag. No weapons, and they're in the men's department. Okay.
196	6220-1724354834_851650000.0-call_75.m4a	moco_md_ps	f	6	0	851650000	{"{\\"pos\\": 0.0, \\"src\\": 700437}"}	0	2024-08-22 19:27:15	2024-08-22 19:27:23	167	6220	What we have?
205	6000-1724354883_853275000.0-call_87.m4a	moco_md_ps	f	5	0	853275000	{"{\\"pos\\": 0.0, \\"src\\": 2510506}","{\\"pos\\": 2.48, \\"src\\": 42}"}	0	2024-08-22 19:28:04	2024-08-22 19:28:11	161	6000	952, I'm in service. Correct. 1528.
209	4385-1724354917_851337500.0-call_97.m4a	moco_md_ps	f	1	0	851337500	{"{\\"pos\\": 0.0, \\"src\\": 501}"}	0	2024-08-22 19:28:37	2024-08-22 19:28:38	47	4385	Hey, Alpha. Hey, Alpha.
234	6000-1724355065_852837500.1-call_149.m4a	moco_md_ps	f	2	0	852837500	{"{\\"pos\\": 0.0, \\"src\\": 42}"}	0	2024-08-22 19:31:05	2024-08-22 19:31:07	161	6000	Copy. 1531.
373	6005-1724355934_853162500.0-call_439.m4a	moco_md_ps	f	4	0	853162500	{"{\\"pos\\": 0.0, \\"src\\": 48}"}	0	2024-08-22 19:45:34	2024-08-22 19:45:39	162	6005	I'm Erica. I'm still responding to you. 1545.
33	6010-1724353698_853112500.1-call_44.m4a	moco_md_ps	f	3	0	853112500	{"{\\"pos\\": 0.0, \\"src\\": 43}"}	0	2024-08-22 19:08:18	2024-08-22 19:08:21	163	6010	Thank you, George. 22 to give UCIC a call.
74	6000-1724353968_851337500.0-call_134.m4a	moco_md_ps	f	2	0	851337500	{"{\\"pos\\": 0.0, \\"src\\": 42}"}	0	2024-08-22 19:12:48	2024-08-22 19:12:50	161	6000	Copy. Thank you.
153	6005-1724354512_852837500.0-call_277.m4a	moco_md_ps	f	1	0	852837500	{"{\\"pos\\": 0.0, \\"src\\": 2513083}","{\\"pos\\": 1.08, \\"src\\": -1}"}	0	2024-08-22 19:21:52	2024-08-22 19:21:55	162	6005	Bye.
94	6005-1724354153_852837500.1-call_173.m4a	moco_md_ps	f	12	0	852837500	{"{\\"pos\\": 0.0, \\"src\\": 48}"}	0	2024-08-22 19:15:53	2024-08-22 19:16:06	162	6005	We're Delta 11, go ahead. We've got a PDC in the Edward 2. One of them needs a tow truck and a residential burglary alarm. And the Delta 1, I have no, just four units of service.
95	6020-1724354136_852837500.0-call_169.m4a	moco_md_ps	f	26	0	852837500	{"{\\"pos\\": 0.0, \\"src\\": 2510921}"}	0	2024-08-22 19:15:36	2024-08-22 19:16:06	165	6020	4-Nancy-13 and 4-Nancy-12, this is our priority to a missing at risk in the Nancy 2 at 18712 Broken Oak Road, highs and lows of Brass Wheel Road and the dead end. Caller's special needs son went into their backyard and now she cannot find him. He's an Asian male, 11 years old, and is nonverbal autistic. Nancy 13 and 12, direct response priority. 13 on the right. 12 on the right.
167	6005-1724354608_852887500.0-call_18.m4a	moco_md_ps	f	16	0	852887500	{"{\\"pos\\": 0.0, \\"src\\": 2510744}","{\\"pos\\": 15.52, \\"src\\": -1}"}	0	2024-08-22 19:23:29	2024-08-22 19:23:49	162	6005	401. Go ahead. This call is closer to that PDC, so I'm not sure if there's somebody I've went to check out the collision that occurred. Someone could just pass by that collision on the way. Take 10. I'm not far from it. I'll check on it.
99	6010-1724354187_851275000.1-call_184.m4a	moco_md_ps	f	2	0	851275000	{"{\\"pos\\": 0.0, \\"src\\": 43}","{\\"pos\\": 1.52, \\"src\\": -1}"}	0	2024-08-22 19:16:28	2024-08-22 19:16:31	163	6010	Director, what's your location?
100	6020-1724354205_852837500.0-call_187.m4a	moco_md_ps	f	11	0	852837500	{"{\\"pos\\": 0.0, \\"src\\": 46}"}	0	2024-08-22 19:16:45	2024-08-22 19:16:56	165	6020	Carlene is going to the missing at-risk subject. He's an Asian male, 11 years old, last seen wearing a dark green shirt and blue shorts, about 5 foot tall, slim build. His name is Ferris, and again, he is nonverbal autistic. I'm waiting on further.
182	6010-1724354691_852912500.0-call_48.m4a	moco_md_ps	f	4	0	852912500	{"{\\"pos\\": 0.0, \\"src\\": 43}"}	0	2024-08-22 19:24:51	2024-08-22 19:24:56	163	6010	Before Henry turned back, just a quick permission for a disconnect from the Georgia 2.
112	6610-1724354265_851337500.0-call_206.m4a	moco_md_ps	f	3	0	851337500	{"{\\"pos\\": 0.0, \\"src\\": 2514668}"}	0	2024-08-22 19:17:46	2024-08-22 19:17:49	157	6610	2-4-3-4
113	6375-1724354265_851487500.0-call_207.m4a	moco_md_ps	f	3	0	851487500	{"{\\"pos\\": 0.0, \\"src\\": 212}"}	0	2024-08-22 19:17:46	2024-08-22 19:17:50	169	6375	1517.
185	6010-1724354697_851650000.1-call_51.m4a	moco_md_ps	f	10	0	851650000	{"{\\"pos\\": 0.0, \\"src\\": 43}"}	0	2024-08-22 19:24:58	2024-08-22 19:25:10	163	6010	For every tenant. Again, disconnects George 2. Looks like we're getting a phone call back to the Doctors Medical Park West. George 2 is a sign up.
116	6010-1724354273_852912500.1-call_210.m4a	moco_md_ps	f	5	0	852912500	{"{\\"pos\\": 0.0, \\"src\\": 2511607}","{\\"pos\\": 3.84, \\"src\\": 43}"}	0	2024-08-22 19:17:54	2024-08-22 19:18:02	163	6010	12 copy. 4 door 23 enemy.
118	7695-1724354272_853275000.0-call_208.m4a	moco_md_ps	f	13	0	853275000	{"{\\"pos\\": 0.0, \\"src\\": 705086}"}	0	2024-08-22 19:17:53	2024-08-22 19:18:09	149	7695	Want me to meet them over there? Ramsey or Dixon? Yeah, I'll have them go over to Dixon and you can meet them there, okay? I appreciate that. No problem.
188	6595-1724354720_853112500.1-call_56.m4a	moco_md_ps	f	7	0	853112500	{"{\\"pos\\": 0.0, \\"src\\": 2127073}"}	0	2024-08-22 19:25:21	2024-08-22 19:25:29	1	6595	All right.
125	6005-1724354348_851487500.0-call_229.m4a	moco_md_ps	f	4	0	851487500	{"{\\"pos\\": 0.0, \\"src\\": 48}"}	0	2024-08-22 19:19:09	2024-08-22 19:19:14	162	6005	Copy, it's 1519.
144	6020-1724354464_852837500.0-call_262.m4a	moco_md_ps	f	6	0	852837500	{"{\\"pos\\": 0.0, \\"src\\": 2512628}"}	0	2024-08-22 19:21:04	2024-08-22 19:21:12	165	6020	Can you associate the station call with a separate report incident number?
194	6005-1724354824_851650000.0-call_74.m4a	moco_md_ps	f	3	0	851650000	{"{\\"pos\\": 0.0, \\"src\\": 48}"}	0	2024-08-22 19:27:05	2024-08-22 19:27:08	162	6005	Thank you.
146	6610-1724354466_852837500.1-call_263.m4a	moco_md_ps	f	8	0	852837500	{"{\\"pos\\": 0.0, \\"src\\": 2501348}"}	0	2024-08-22 19:21:07	2024-08-22 19:21:15	157	6610	This guy's a wimpy one now. Do you require a key to open the office of that person's door?
148	6005-1724354480_852887500.0-call_271.m4a	moco_md_ps	f	2	0	852887500	{"{\\"pos\\": 0.0, \\"src\\": 2513083}"}	0	2024-08-22 19:21:20	2024-08-22 19:21:22	162	6005	Thank you.
199	6000-1724354845_851337500.0-call_76.m4a	moco_md_ps	f	5	0	851337500	{"{\\"pos\\": 0.0, \\"src\\": 42}"}	0	2024-08-22 19:27:26	2024-08-22 19:27:34	161	6000	Thank you, Professor. My pleasure.
206	6005-1724354892_853612500.1-call_90.m4a	moco_md_ps	f	6	0	853612500	{"{\\"pos\\": 0.0, \\"src\\": 2510299}","{\\"pos\\": 0.6, \\"src\\": 48}"}	0	2024-08-22 19:28:12	2024-08-22 19:28:22	162	6005	And the two involved in the wreck are direct. There's going to be a building. I'm direct.
208	6475-1724354904_851650000.1-call_92.m4a	moco_md_ps	f	5	0	851650000	{"{\\"pos\\": 0.0, \\"src\\": 205}"}	0	2024-08-22 19:28:24	2024-08-22 19:28:30	120	6475	We'll make a 10-15. We'll make a 10-15.
212	6005-1724354959_853112500.0-call_106.m4a	moco_md_ps	f	13	0	853112500	{"{\\"pos\\": 0.0, \\"src\\": 2512646}"}	0	2024-08-22 19:29:19	2024-08-22 19:29:37	162	6005	1529. VCIC. Go ahead. If you want to text the picture directly to me also, I can upload it to the call. 240-246-3753.
218	6475-1724355004_851337500.0-call_121.m4a	moco_md_ps	f	2	0	851337500	{"{\\"pos\\": 0.0, \\"src\\": 2514204}"}	0	2024-08-22 19:30:05	2024-08-22 19:30:06	120	6475	Four bigger than I know, sir.
259	6010-1724355205_851650000.1-call_200.m4a	moco_md_ps	f	24	0	851650000	{"{\\"pos\\": 0.0, \\"src\\": 43}","{\\"pos\\": 23.96, \\"src\\": -1}"}	0	2024-08-22 19:33:26	2024-08-22 19:33:54	163	6010	Poor Henry, 22, for a shooting that occurred earlier. Go ahead. 1701 Mount Pisgah Lane. That's 1701 Mount Pisgah Lane, unit number 11. The parties have complained. It's through a Spanish interpreter, but they said that a subject drove by, shot a gun toward him to intimidate him. It all happened about 20 minutes ago. The subject left in that vehicle.
34	7700-1724353699_853112500.0-call_45.m4a	moco_md_ps	f	3	0	853112500	{"{\\"pos\\": 0.0, \\"src\\": 705508}"}	0	2024-08-22 19:08:19	2024-08-22 19:08:22	144	7700	ERROR: TRANSCRIPTION_TIMEOUT
75	6800-1724353968_851487500.0-call_136.m4a	moco_md_ps	f	3	0	851487500	{"{\\"pos\\": 0.0, \\"src\\": 700203}"}	0	2024-08-22 19:12:49	2024-08-22 19:12:52	181	6800	10-4-1-6-15-12.
154	6020-1724354479_853275000.1-call_269.m4a	moco_md_ps	f	28	0	853275000	{"{\\"pos\\": 0.0, \\"src\\": 46}","{\\"pos\\": 2.52, \\"src\\": 46}"}	0	2024-08-22 19:21:20	2024-08-22 19:21:56	165	6020	Yeah, you just needed to reflect the different address. There was a report written for this already. If you could just put in this report number and I'll give you the address where it happened. Yeah, go ahead. 24002667. The address is 12118 Britannia Circle, Germantown. Okay, I'll just get them. Can I get the incident number for the station call, please? Yeah, if it's 2400248937248937.
87	6010-1724354115_851275000.1-call_165.m4a	moco_md_ps	f	2	0	851275000	{"{\\"pos\\": 0.0, \\"src\\": 43}"}	0	2024-08-22 19:15:15	2024-08-22 19:15:17	163	6010	Correct, 1515.
374	4000-1724355933_851487500.0-call_438.m4a	moco_md_ps	f	8	0	851487500	{"{\\"pos\\": 0.0, \\"src\\": 67}"}	0	2024-08-22 19:45:33	2024-08-22 19:45:41	5	4000	Ambulance 703, responding 6th person, 106 South Adams Street, 1545.
93	6010-1724354155_852887500.0-call_174.m4a	moco_md_ps	f	5	0	852887500	{"{\\"pos\\": 0.0, \\"src\\": 2511022}","{\\"pos\\": 4.2, \\"src\\": 43}"}	0	2024-08-22 19:15:55	2024-08-22 19:16:05	163	6010	414, go ahead. 55111, info exchange with you. 1560.
157	6005-1724354530_851275000.1-call_284.m4a	moco_md_ps	f	4	0	851275000	{"{\\"pos\\": 0.0, \\"src\\": 48}"}	0	2024-08-22 19:22:10	2024-08-22 19:22:16	162	6005	210, you can put all the 210s on that. I'm direct.
101	6010-1724354201_852837500.1-call_186.m4a	moco_md_ps	f	11	0	852837500	{"{\\"pos\\": 0.0, \\"src\\": 43}","{\\"pos\\": 2.56, \\"src\\": 2510822}","{\\"pos\\": 11.08, \\"src\\": -1}"}	0	2024-08-22 19:16:41	2024-08-22 19:16:59	163	6010	George 14 should I be held out somewhere? Yeah, I believe it's Sun Hill and Dale Drive. I'm going to be out with the Duke. I believe it's Comeback 1060. I'm out with the Sun Drive and other cooperatives so far.
264	4400-1724355250_853162500.1-call_218.m4a	moco_md_ps	f	2	0	853162500	{"{\\"pos\\": 0.0, \\"src\\": 2502761}"}	0	2024-08-22 19:34:11	2024-08-22 19:34:13	50	4400	Hello, Catherine. Can I have a coffee, please?
117	6610-1724354283_852912500.0-call_211.m4a	moco_md_ps	f	2	0	852912500	{"{\\"pos\\": 0.0, \\"src\\": 2514665}"}	0	2024-08-22 19:18:03	2024-08-22 19:18:05	157	6610	Copy, 1580.
168	6005-1724354629_853162500.0-call_24.m4a	moco_md_ps	f	1	0	853162500	{"{\\"pos\\": 0.0, \\"src\\": 48}"}	0	2024-08-22 19:23:50	2024-08-22 19:23:51	162	6005	1523.
123	6020-1724354330_852887500.1-call_225.m4a	moco_md_ps	f	12	0	852887500	{"{\\"pos\\": 0.0, \\"src\\": 46}"}	0	2024-08-22 19:18:51	2024-08-22 19:19:03	165	6020	947, make sure the units then cut their sirens well before they get near the house. Okay, all units coming in, to the missing at risk, make sure you cut your sirens before you get close to the house.
147	6005-1724354448_852912500.1-call_259.m4a	moco_md_ps	f	28	0	852912500	{"{\\"pos\\": 0.0, \\"src\\": 48}"}	0	2024-08-22 19:20:48	2024-08-22 19:21:17	162	6005	Go ahead. I'm going to redirect you from your PDC. We just got another missing call in the Edward 2 at 6008 Henning Street. The caller is Sabina advising. Her son was playing outside, and then she heard a scream, and now she can't find him. Look out for a white male, 12 years old, last seen wearing a blue shirt, black athletic pants, 5'6", skinny build. His name is Taj. He also wears glasses.
181	6005-1724354686_853275000.1-call_45.m4a	moco_md_ps	f	3	0	853275000	{"{\\"pos\\": 0.0, \\"src\\": 48}"}	0	2024-08-22 19:24:47	2024-08-22 19:24:51	162	6005	Sioux Town, Royal Direct. 1524.
150	6475-1724354479_852887500.1-call_270.m4a	moco_md_ps	f	2	0	852887500	{"{\\"pos\\": 0.0, \\"src\\": 205}","{\\"pos\\": 1.88, \\"src\\": -1}"}	0	2024-08-22 19:21:20	2024-08-22 19:21:24	120	6475	15, 21.
269	6010-1724355265_851337500.1-call_226.m4a	moco_md_ps	f	5	0	851337500	{"{\\"pos\\": 0.0, \\"src\\": 43}","{\\"pos\\": 4.76, \\"src\\": -1}"}	0	2024-08-22 19:34:26	2024-08-22 19:34:32	163	6010	I think the 30 would be for Colesville Road. I'm not sure if he was on the inner loop or outer loop.
189	6610-1724354744_851650000.1-call_63.m4a	moco_md_ps	f	4	0	851650000	{"{\\"pos\\": 0.0, \\"src\\": 2514710}","{\\"pos\\": 2.48, \\"src\\": 2514665}"}	0	2024-08-22 19:25:45	2024-08-22 19:25:51	157	6610	1-7, dispatch. Dispatch, go.
197	6220-1724354847_852837500.1-call_78.m4a	moco_md_ps	f	1	0	852837500	{"{\\"pos\\": 0.0, \\"src\\": 700455}","{\\"pos\\": 0.96, \\"src\\": -1}"}	0	2024-08-22 19:27:27	2024-08-22 19:27:30	167	6220	45.
273	6005-1724355272_851650000.1-call_230.m4a	moco_md_ps	f	21	0	851650000	{"{\\"pos\\": 0.0, \\"src\\": 2510299}"}	0	2024-08-22 19:34:32	2024-08-22 19:34:58	162	6005	T-13, what's the missing name? His first name is going to be Taj, and then last name, I would spell it out. It's going to be Sam Charlie Henry, Social Union, Time, Edward Mancy. I'll give you a better lookout once we clear the house here. T-13, I have him at the park.
198	6220-1724354850_853275000.0-call_79.m4a	moco_md_ps	f	2	0	853275000	{"{\\"pos\\": 0.0, \\"src\\": 700437}"}	0	2024-08-22 19:27:31	2024-08-22 19:27:32	167	6220	I'm here to rescue.
207	4005-1724354871_853162500.0-call_85.m4a	moco_md_ps	f	26	225	853162500	{"{\\"pos\\": 0.0, \\"src\\": 66}","{\\"pos\\": 0.9, \\"src\\": 66}","{\\"pos\\": 13.5, \\"src\\": -1}","{\\"pos\\": 14.4, \\"src\\": 66}"}	15	2024-08-22 19:27:51	2024-08-22 19:28:23	6	4005	Fresenius Kidney Care, 6420 Rockledge Drive, Unit 1100, Crawl Street, Rock Spring Drive, triple breathing, AOS 1, Medic 723, Paramedic in the 726, respond 7-0-1, Box Area 26-5. 18-0-6-0-4, Moncastle Road, Crawl Street, Sunwood Lane, decrease LLC, AOS 1, AOS 708, Ambulance 703, Charlie, respond 7-0-1, Box Area 28-4, 15-20.
35	6020-1724353706_851275000.1-call_48.m4a	moco_md_ps	f	2	0	851275000	{"{\\"pos\\": 0.0, \\"src\\": 46}"}	0	2024-08-22 19:08:26	2024-08-22 19:08:28	165	6020	48010, permission to hold.
78	6375-1724354015_853112500.0-call_145.m4a	moco_md_ps	f	20	0	853112500	{"{\\"pos\\": 0.0, \\"src\\": 212}","{\\"pos\\": 1.24, \\"src\\": 212}","{\\"pos\\": 20.44, \\"src\\": -1}"}	0	2024-08-22 19:13:35	2024-08-22 19:14:05	169	6375	Two-time, 32. 32. Yes, sir. Please respond to Kirkland Avenue in New Hampshire. Again, Kirkland in New Hampshire for a traffic issue. Caller advised that there's a truck on Kirkland. He pulled in on Kirkland, and he believes that this commercial vehicle may be stuck. Time, 32. I copy. 15-14.
155	6020-1724354518_853612500.0-call_278.m4a	moco_md_ps	f	3	0	853612500	{"{\\"pos\\": 0.0, \\"src\\": 46}","{\\"pos\\": 3.28, \\"src\\": -1}"}	0	2024-08-22 19:21:59	2024-08-22 19:22:05	165	6020	Thanks. You can clear this 2995-1. Okay.
96	6005-1724354169_852887500.0-call_180.m4a	moco_md_ps	f	2	0	852887500	{"{\\"pos\\": 0.0, \\"src\\": 48}"}	0	2024-08-22 19:16:10	2024-08-22 19:16:13	162	6005	Yeah, ignore them.
102	6010-1724354222_853162500.0-call_191.m4a	moco_md_ps	f	4	0	853162500	{"{\\"pos\\": 0.0, \\"src\\": 2513238}"}	0	2024-08-22 19:17:03	2024-08-22 19:17:06	163	6010	And George, how about me and Rosalyn?
158	6020-1724354530_851275000.0-call_283.m4a	moco_md_ps	f	7	0	851275000	{"{\\"pos\\": 0.0, \\"src\\": 2513349}"}	0	2024-08-22 19:22:10	2024-08-22 19:22:18	165	6020	John. There are complaints walking around the neighborhood. I told her to head back to the house so somebody could meet her there at the house.
103	6020-1724354221_853162500.1-call_190.m4a	moco_md_ps	f	5	0	853162500	{"{\\"pos\\": 0.0, \\"src\\": 2512818}","{\\"pos\\": 4.48, \\"src\\": 46}"}	0	2024-08-22 19:17:01	2024-08-22 19:17:08	165	6020	All right, Toby, you can have it. I'll take care of the accident, honey. Copy.
119	6010-1724354299_853162500.1-call_217.m4a	moco_md_ps	f	4	0	853162500	{"{\\"pos\\": 0.0, \\"src\\": 2510822}","{\\"pos\\": 2.48, \\"src\\": 43}"}	0	2024-08-22 19:18:19	2024-08-22 19:18:25	163	6010	Do you have a return on that car yet? I'm working on it for you.
169	6010-1724354610_853275000.1-call_19.m4a	moco_md_ps	f	23	0	853275000	{"{\\"pos\\": 0.0, \\"src\\": 43}","{\\"pos\\": 18.24, \\"src\\": 43}"}	0	2024-08-22 19:23:30	2024-08-22 19:24:00	163	6010	4 out of 15 for a stolen vehicle. What? Stolen vehicle occurred earlier. 1508 December Drive, 1508 December Drive. Mr. Rodriguez is your complainant. He says the ignition was punched. The policing office has video of it. He's in a white Hyundai Elantra. Okay. 4 out of 15. Can you talk to the supervisor and see if I can hold off from anyone unclear?
131	6610-1724354375_853112500.0-call_241.m4a	moco_md_ps	f	2	0	853112500	{"{\\"pos\\": 0.0, \\"src\\": 2514665}"}	0	2024-08-22 19:19:35	2024-08-22 19:19:37	157	6610	Copy. 15-19.
132	6010-1724354371_851275000.0-call_238.m4a	moco_md_ps	f	12	0	851275000	{"{\\"pos\\": 0.0, \\"src\\": 43}","{\\"pos\\": 5.92, \\"src\\": 2510822}"}	0	2024-08-22 19:19:31	2024-08-22 19:19:45	163	6010	Okay, and if we end it out with 14, could you just revise that tag number one more time? It's not coming through for me. Border 14, Louisiana, Nancy 575393.
180	6005-1724354682_851275000.0-call_44.m4a	moco_md_ps	f	1	0	851275000	{"{\\"pos\\": 0.0, \\"src\\": 2513083}"}	0	2024-08-22 19:24:42	2024-08-22 19:24:44	162	6005	Go on, Greg.
133	6025-1724354360_851275000.1-call_234.m4a	moco_md_ps	f	22	0	851275000	{"{\\"pos\\": 0.0, \\"src\\": 51}","{\\"pos\\": 2.04, \\"src\\": 51}","{\\"pos\\": 22.12, \\"src\\": -1}"}	0	2024-08-22 19:19:20	2024-08-22 19:19:47	166	6025	4, Robert, 33 Ferkel. Good. Dispute call at 8421 Flower Hill Terrace. 842, 1 Flower Hill Terrace. Sasha wants to be seen between caller neighbor who was dumping trash on their property and also kicked their dog. They have video footage. No weapons involved. Suspect is an unenraced female in her mid-50s wearing a long-sleeved pink shirt still in the area.
141	6020-1724354459_852912500.0-call_260.m4a	moco_md_ps	f	2	0	852912500	{"{\\"pos\\": 0.0, \\"src\\": 2512628}"}	0	2024-08-22 19:21:00	2024-08-22 19:21:01	165	6020	Thank you, Gene.
190	7745-1724354757_851337500.0-call_66.m4a	moco_md_ps	f	3	0	851337500	{"{\\"pos\\": 0.0, \\"src\\": 706424}"}	0	2024-08-22 19:25:57	2024-08-22 19:26:01	142	7745	Thank you.
200	6220-1724354856_851337500.0-call_82.m4a	moco_md_ps	f	2	0	851337500	{"{\\"pos\\": 0.0, \\"src\\": 700455}"}	0	2024-08-22 19:27:36	2024-08-22 19:27:38	167	6220	1527.
210	6005-1724354946_853112500.0-call_102.m4a	moco_md_ps	f	6	0	853112500	{"{\\"pos\\": 0.0, \\"src\\": 2512810}"}	0	2024-08-22 19:29:07	2024-08-22 19:29:12	162	6005	We're working on getting a picture of the subject out to the shift.
211	6595-1724354960_853275000.0-call_107.m4a	moco_md_ps	f	10	0	853275000	{"{\\"pos\\": 0.0, \\"src\\": 2127073}"}	0	2024-08-22 19:29:21	2024-08-22 19:29:34	1	6595	18 Rockville. 18 Rockville, V1 is going to call their hotel, and I'll add all information to the card.
213	6487-1724354980_852887500.0-call_111.m4a	moco_md_ps	f	3	0	852887500	{"{\\"pos\\": 0.0, \\"src\\": 2137452}"}	0	2024-08-22 19:29:40	2024-08-22 19:29:43	119	6487	Park 531, Park 532.
215	6005-1724354988_853162500.1-call_115.m4a	moco_md_ps	f	2	0	853162500	{"{\\"pos\\": 0.0, \\"src\\": 2511593}"}	0	2024-08-22 19:29:49	2024-08-22 19:29:52	162	6005	Yes, sir.
217	6487-1724354986_853162500.0-call_114.m4a	moco_md_ps	f	14	0	853162500	{"{\\"pos\\": 0.0, \\"src\\": 2137737}","{\\"pos\\": 1.32, \\"src\\": 2137452}"}	0	2024-08-22 19:29:46	2024-08-22 19:30:05	119	6487	Go ahead. I'm done with my current task. Do you all need anything anywhere, or where are you at? We just got back to the shop. Come and join us, and we'll figure it all out.
220	6225-1724355010_852837500.1-call_123.m4a	moco_md_ps	f	5	0	852837500	{"{\\"pos\\": 0.0, \\"src\\": 2514703}"}	0	2024-08-22 19:30:11	2024-08-22 19:30:16	140	6225	Base 18, radio check.
227	6020-1724355052_853275000.1-call_140.m4a	moco_md_ps	f	1	0	853275000	{"{\\"pos\\": 0.0, \\"src\\": 46}"}	0	2024-08-22 19:30:53	2024-08-22 19:30:54	165	6020	Sorry, fiancee, I'm live.
231	7700-1724355060_851487500.0-call_145.m4a	moco_md_ps	f	1	0	851487500	{"{\\"pos\\": 0.0, \\"src\\": 301}"}	0	2024-08-22 19:31:00	2024-08-22 19:31:01	144	7700	Hope you have a good season. Bye.
260	6010-1724355234_851275000.0-call_214.m4a	moco_md_ps	f	2	0	851275000	{"{\\"pos\\": 0.0, \\"src\\": 2510196}"}	0	2024-08-22 19:33:55	2024-08-22 19:33:57	163	6010	All right, I'm doing nothing at all.
36	6010-1724353703_852837500.0-call_47.m4a	moco_md_ps	f	6	0	852837500	{"{\\"pos\\": 0.0, \\"src\\": 2511607}","{\\"pos\\": 3.4, \\"src\\": 43}"}	0	2024-08-22 19:08:24	2024-08-22 19:08:31	163	6010	Okay, I'll just put the number in there for you, 1508.
37	6020-1724353711_851650000.1-call_51.m4a	moco_md_ps	f	7	0	851650000	{"{\\"pos\\": 0.0, \\"src\\": 46}","{\\"pos\\": 5.88, \\"src\\": 46}"}	0	2024-08-22 19:08:32	2024-08-22 19:08:43	165	6020	Morning, Sam. Go ahead. I have a hit and run on Woodfield and Deanna Drive and the Mary 2. I only have Mary 33 right now. All right. You can hold it.
38	6005-1724353727_851650000.1-call_56.m4a	moco_md_ps	f	5	0	851650000	{"{\\"pos\\": 0.0, \\"src\\": 2511253}","{\\"pos\\": 3.28, \\"src\\": 2513083}"}	0	2024-08-22 19:08:47	2024-08-22 19:08:56	162	6005	Did anybody make it to the deli from West Lake yet?
39	6375-1724353735_852887500.0-call_58.m4a	moco_md_ps	f	5	0	852887500	{"{\\"pos\\": 0.0, \\"src\\": 2513821}","{\\"pos\\": 5.0, \\"src\\": -1}"}	0	2024-08-22 19:08:55	2024-08-22 19:09:02	169	6375	I'm Charles Brunswick. We'll be transporting to Holy Cross. I'll be giving you a call shortly.
40	6375-1724353743_852912500.0-call_60.m4a	moco_md_ps	f	1	0	852912500	{"{\\"pos\\": 0.0, \\"src\\": 211}"}	0	2024-08-22 19:09:03	2024-08-22 19:09:04	169	6375	Talk to you in the morning.
41	4405-1724353748_853275000.0-call_62.m4a	moco_md_ps	f	2	0	853275000	{"{\\"pos\\": 0.0, \\"src\\": 2502780}"}	0	2024-08-22 19:09:08	2024-08-22 19:09:10	51	4405	Oh, yeah.
42	6015-1724353754_853275000.0-call_63.m4a	moco_md_ps	f	2	0	853275000	{"{\\"pos\\": 0.0, \\"src\\": 2510915}","{\\"pos\\": 2.04, \\"src\\": -1}"}	0	2024-08-22 19:09:15	2024-08-22 19:09:19	164	6015	415, what time does this call go up?
43	6005-1724353744_853275000.1-call_61.m4a	moco_md_ps	f	11	0	853275000	{"{\\"pos\\": 0.0, \\"src\\": 2511253}","{\\"pos\\": 10.72, \\"src\\": -1}"}	0	2024-08-22 19:09:05	2024-08-22 19:09:19	162	6005	Sorry, I didn't copy. Alright, I'm back and forth on Westlake Terrace. I'm in the area.
44	6375-1724353770_851487500.1-call_66.m4a	moco_md_ps	f	2	0	851487500	{"{\\"pos\\": 0.0, \\"src\\": 2513857}"}	0	2024-08-22 19:09:31	2024-08-22 19:09:33	169	6375	32, I'm clear.
45	6220-1724353773_851337500.1-call_68.m4a	moco_md_ps	f	2	0	851337500	{"{\\"pos\\": 0.0, \\"src\\": 700455}","{\\"pos\\": 2.04, \\"src\\": -1}"}	0	2024-08-22 19:09:34	2024-08-22 19:09:37	167	6220	Yes, police. What are you talking about there?
46	6015-1724353770_853362500.0-call_65.m4a	moco_md_ps	f	11	0	853362500	{"{\\"pos\\": 0.0, \\"src\\": 2510915}","{\\"pos\\": 7.16, \\"src\\": 2510915}"}	0	2024-08-22 19:09:30	2024-08-22 19:09:48	164	6015	415, are you at the Burger King? Yeah, sorry, we're at Holy Cross now, but that's the call I'm asking for you. It was this last at 1332. Okay, thank you.
47	7700-1724353776_853362500.1-call_70.m4a	moco_md_ps	f	23	0	853362500	{"{\\"pos\\": 0.0, \\"src\\": 303}","{\\"pos\\": 3.0, \\"src\\": 705508}"}	0	2024-08-22 19:09:37	2024-08-22 19:10:03	144	7700	Yeah, that's the best stuff. We're going to have to take this back to the depot and get her a new bus. Let her take a look at it. There's something mechanical is wrong with it. But only thing about it, right? From here till we get back to the base, she's going to have to drive the bus without any seatbelts on because she can't even put it on.
48	4405-1724353802_853362500.0-call_77.m4a	moco_md_ps	f	2	0	853362500	{"{\\"pos\\": 0.0, \\"src\\": 2502780}"}	0	2024-08-22 19:10:03	2024-08-22 19:10:05	51	4405	Thank you.
49	6220-1724353787_853112500.0-call_72.m4a	moco_md_ps	f	16	0	853112500	{"{\\"pos\\": 0.0, \\"src\\": 700409}"}	0	2024-08-22 19:09:48	2024-08-22 19:10:04	167	6220	AS-44, checking you up there. AS-44, you can actually clear me. 32-22-1, completely notified by phone, respondent notified in person.
50	7700-1724353805_851275000.0-call_79.m4a	moco_md_ps	f	8	0	851275000	{"{\\"pos\\": 0.0, \\"src\\": 303}"}	0	2024-08-22 19:10:05	2024-08-22 19:10:13	144	7700	I care if she's comfortable doing that, if she feels safe doing that, and if she says yes, just escort her and nurse her back to base.
51	6220-1724353812_852912500.1-call_87.m4a	moco_md_ps	f	2	0	852912500	{"{\\"pos\\": 0.0, \\"src\\": 700455}"}	0	2024-08-22 19:10:13	2024-08-22 19:10:15	167	6220	Happy 15th anniversary.
52	6005-1724353812_852912500.0-call_86.m4a	moco_md_ps	f	11	0	852912500	{"{\\"pos\\": 0.0, \\"src\\": 48}"}	0	2024-08-22 19:10:12	2024-08-22 19:10:24	162	6005	Can I have the incident number, please? Incident number is 240-024-8985. 240-024-8985.
53	7695-1724353811_851650000.0-call_85.m4a	moco_md_ps	f	15	0	851650000	{"{\\"pos\\": 0.0, \\"src\\": 302}"}	0	2024-08-22 19:10:12	2024-08-22 19:10:28	149	7695	2011. 2011? Wait, 2011? Yeah, good afternoon, 2011. Did you happen to find or see a lost bag of groceries on your bus?
54	6375-1724353822_852887500.0-call_91.m4a	moco_md_ps	f	5	0	852887500	{"{\\"pos\\": 0.0, \\"src\\": 2513821}","{\\"pos\\": 1.04, \\"src\\": 2513821}","{\\"pos\\": 3.88, \\"src\\": 211}"}	0	2024-08-22 19:10:22	2024-08-22 19:10:34	169	6375	10-4-4 How high was that? 2936-7 13 tons
55	6005-1724353830_851650000.0-call_94.m4a	moco_md_ps	f	3	0	851650000	{"{\\"pos\\": 0.0, \\"src\\": 2512786}"}	0	2024-08-22 19:10:30	2024-08-22 19:10:36	162	6005	Well, it's my pleasure. Thank you.
56	7700-1724353822_852912500.1-call_92.m4a	moco_md_ps	f	18	0	852912500	{"{\\"pos\\": 0.0, \\"src\\": 705508}"}	0	2024-08-22 19:10:23	2024-08-22 19:10:43	144	7700	I just wanted to be noted that way in case of anything happened and they see her without the seatbelt, she doesn't get in trouble for it. But she says she's fine taking it back. All right. 10-4, once she gets a new bus, just tell us to give us a call back and we'll get her back on track. 10-4.
57	4420-1724353844_851275000.0-call_101.m4a	moco_md_ps	f	2	0	851275000	{"{\\"pos\\": 0.0, \\"src\\": 2502593}","{\\"pos\\": 1.44, \\"src\\": -1}"}	0	2024-08-22 19:10:45	2024-08-22 19:10:48	54	4420	Shady Grove.
61	6005-1724353850_852887500.1-call_104.m4a	moco_md_ps	f	13	0	852887500	{"{\\"pos\\": 0.0, \\"src\\": 48}","{\\"pos\\": 7.0, \\"src\\": 48}"}	0	2024-08-22 19:10:50	2024-08-22 19:11:07	162	6005	It doesn't say what color the shirt is, but yeah, it says a long sleeve, flowery shirt, gray sweatpants, and navy blue sneakers. And I may have her in front of the apartment complex. Let me just get out and check real quick. Direct.
79	6020-1724354057_851650000.1-call_152.m4a	moco_md_ps	f	2	0	851650000	{"{\\"pos\\": 0.0, \\"src\\": 2510129}","{\\"pos\\": 1.4, \\"src\\": 46}"}	0	2024-08-22 19:14:17	2024-08-22 19:14:24	165	6020	534. 534.
58	6005-1724353838_853362500.0-call_98.m4a	moco_md_ps	f	6	0	853362500	{"{\\"pos\\": 0.0, \\"src\\": 48}","{\\"pos\\": 0.88, \\"src\\": 2512222}"}	0	2024-08-22 19:10:38	2024-08-22 19:10:46	162	6005	1510. We're not the one. Was the missing wearing a green flowery shirt?
156	6020-1724354526_853162500.1-call_282.m4a	moco_md_ps	f	1	0	853162500	{"{\\"pos\\": 0.0, \\"src\\": 2513349}"}	0	2024-08-22 19:22:06	2024-08-22 19:22:08	165	6020	NASA 32.
60	4420-1724353857_853362500.0-call_106.m4a	moco_md_ps	f	1	0	853362500	{"{\\"pos\\": 0.0, \\"src\\": 2502593}"}	0	2024-08-22 19:10:58	2024-08-22 19:10:59	54	4420	Thank you.
84	6025-1724354084_853112500.1-call_159.m4a	moco_md_ps	f	6	0	853112500	{"{\\"pos\\": 0.0, \\"src\\": 51}","{\\"pos\\": 5.96, \\"src\\": -1}"}	0	2024-08-22 19:14:44	2024-08-22 19:14:54	166	6025	Fort Paul 14 and Fort Paul 24, checking your welfare. 41, corner 2. All right, 1514.
62	4005-1724353853_851487500.0-call_105.m4a	moco_md_ps	f	14	0	851487500	{"{\\"pos\\": 0.0, \\"src\\": 66}","{\\"pos\\": 0.9, \\"src\\": 66}"}	0	2024-08-22 19:10:54	2024-08-22 19:11:11	6	4005	Nightingale House, 13,004 Darnestown Road, Cross Street, Bondy Lane. Decrease LLC, AOS 1, paramedic into 732, ambulance 732, truck 731, first responder, response 7, alpha 1, box area 3119.
375	4005-1724355931_851337500.0-call_437.m4a	moco_md_ps	f	11	385	851337500	{"{\\"pos\\": 0.0, \\"src\\": 66}","{\\"pos\\": 0.9, \\"src\\": 66}"}	43	2024-08-22 19:45:32	2024-08-22 19:45:44	6	4005	Are the mailboxes 4302 Randolph Road, Crosstown, Veras, Miller Road, Interperson, Firm of Fall, BOS, Ambulance 705, Response 701, Vox Air 21-2, 1545.
104	6010-1724354228_852912500.0-call_192.m4a	moco_md_ps	f	3	0	852912500	{"{\\"pos\\": 0.0, \\"src\\": 43}"}	0	2024-08-22 19:17:08	2024-08-22 19:17:11	163	6010	Revealer 12. 15-17.
159	6800-1724354523_851337500.1-call_280.m4a	moco_md_ps	f	6	0	851337500	{"{\\"pos\\": 0.0, \\"src\\": 700203}","{\\"pos\\": 2.16, \\"src\\": 700203}","{\\"pos\\": 6.2, \\"src\\": -1}"}	0	2024-08-22 19:22:04	2024-08-22 19:22:17	181	6800	10-4-1-0-2 at 1522
109	6375-1724354251_852837500.1-call_202.m4a	moco_md_ps	f	10	0	852837500	{"{\\"pos\\": 0.0, \\"src\\": 212}"}	0	2024-08-22 19:17:31	2024-08-22 19:17:42	169	6375	Yes, sir. The initial caller for Kirkland Avenue just called back and said that the semi was able to, the driver was able to get the semi out of there.
110	6610-1724354257_852837500.0-call_203.m4a	moco_md_ps	f	4	0	852837500	{"{\\"pos\\": 0.0, \\"src\\": 2514665}"}	0	2024-08-22 19:17:38	2024-08-22 19:17:43	157	6610	Whiskey 472 dispatch. Yes, sir.
170	4005-1724354632_853612500.0-call_27.m4a	moco_md_ps	f	13	90	853612500	{"{\\"pos\\": 0.0, \\"src\\": 66}","{\\"pos\\": 0.9, \\"src\\": 66}"}	6	2024-08-22 19:23:53	2024-08-22 19:24:07	6	4005	Trader Joe's, 6831 Wisconsin Avenue, Suite 400, Cross Street, Stanford Street, Decrease LLC, ALS 1, Paramedic in 706, Ambulance 741, Bravo, Response 7, Alpha 1, Box 061, 1524.
128	6010-1724354356_852912500.0-call_231.m4a	moco_md_ps	f	9	0	852912500	{"{\\"pos\\": 0.0, \\"src\\": 2510374}"}	0	2024-08-22 19:19:17	2024-08-22 19:19:25	163	6010	Fort George 50, you can hold me out at 14. We'll be in front of 9207 Summit Road.
134	6025-1724354387_852837500.1-call_246.m4a	moco_md_ps	f	4	0	852837500	{"{\\"pos\\": 0.0, \\"src\\": 51}","{\\"pos\\": 3.64, \\"src\\": -1}"}	0	2024-08-22 19:19:48	2024-08-22 19:19:54	166	6025	Correct. Rover 14 directs you to self-destruct. Thank you. 15-19.
171	6010-1724354646_851337500.1-call_30.m4a	moco_md_ps	f	10	0	851337500	{"{\\"pos\\": 0.0, \\"src\\": 43}","{\\"pos\\": 1.6, \\"src\\": 43}"}	0	2024-08-22 19:24:06	2024-08-22 19:24:20	163	6010	410, just a question. 410, I missed it. I sent I-15 to that stolen vehicle occurred earlier. I-13 is asking if we can just hold onto it until they're done with their alarm.
145	6475-1724354473_853275000.1-call_267.m4a	moco_md_ps	f	4	0	853275000	{"{\\"pos\\": 0.0, \\"src\\": 2514006}"}	0	2024-08-22 19:21:13	2024-08-22 19:21:17	120	6475	Hold me out on detail on Slogger 1 trail, please.
175	6020-1724354667_851337500.1-call_38.m4a	moco_md_ps	f	1	0	851337500	{"{\\"pos\\": 0.0, \\"src\\": 46}"}	0	2024-08-22 19:24:27	2024-08-22 19:24:29	165	6020	Okay, tune in to 12-0.
184	6000-1724354699_853612500.1-call_52.m4a	moco_md_ps	f	5	0	853612500	{"{\\"pos\\": 0.0, \\"src\\": 42}","{\\"pos\\": 2.76, \\"src\\": 42}"}	0	2024-08-22 19:25:00	2024-08-22 19:25:08	161	6000	Before we get going, do you have more installing for both vehicles? Aye. 15-25.
186	6010-1724354712_853612500.1-call_54.m4a	moco_md_ps	f	3	0	853612500	{"{\\"pos\\": 0.0, \\"src\\": 43}"}	0	2024-08-22 19:25:12	2024-08-22 19:25:16	163	6010	Yeah, you can hold it. Thanks so much. 1525.
191	6610-1724354755_851337500.1-call_65.m4a	moco_md_ps	f	5	0	851337500	{"{\\"pos\\": 0.0, \\"src\\": 2514710}"}	0	2024-08-22 19:25:56	2024-08-22 19:26:02	157	6610	Building 414 secure, all in order.
201	6000-1724354856_853275000.0-call_81.m4a	moco_md_ps	f	13	0	853275000	{"{\\"pos\\": 0.0, \\"src\\": 42}","{\\"pos\\": 8.44, \\"src\\": 42}","{\\"pos\\": 9.6, \\"src\\": 2510654}","{\\"pos\\": 13.0, \\"src\\": 42}"}	0	2024-08-22 19:27:36	2024-08-22 19:27:56	161	6000	All right. Subject's a black male, 48, 50, wearing a gray jacket, gray shirt, and a black and gray beard. Who's being 27? I'm 23. Can you try to get the name of the subject? All right.
204	6005-1724354886_853275000.1-call_88.m4a	moco_md_ps	f	1	0	853275000	{"{\\"pos\\": 0.0, \\"src\\": 48}"}	0	2024-08-22 19:28:06	2024-08-22 19:28:08	162	6005	210 copy.
216	4435-1724354991_853612500.0-call_118.m4a	moco_md_ps	f	4	0	853612500	{"{\\"pos\\": 0.0, \\"src\\": 2502596}"}	0	2024-08-22 19:29:51	2024-08-22 19:29:55	57	4435	7-15, can you give us a whole set of vital signs, please?
219	6475-1724355011_853362500.1-call_125.m4a	moco_md_ps	f	1	0	853362500	{"{\\"pos\\": 0.0, \\"src\\": 206}"}	0	2024-08-22 19:30:12	2024-08-22 19:30:13	120	6475	50-30.
224	6020-1724355046_853612500.0-call_134.m4a	moco_md_ps	f	3	0	853612500	{"{\\"pos\\": 0.0, \\"src\\": 2512314}"}	0	2024-08-22 19:30:46	2024-08-22 19:30:50	165	6020	He's probably not seeing another accident.
225	7700-1724355049_852837500.0-call_138.m4a	moco_md_ps	f	3	0	852837500	{"{\\"pos\\": 0.0, \\"src\\": 705520}"}	0	2024-08-22 19:30:49	2024-08-22 19:30:52	144	7700	I need a break, Central.
261	6010-1724355240_853162500.1-call_216.m4a	moco_md_ps	f	6	0	853162500	{"{\\"pos\\": 0.0, \\"src\\": 43}"}	0	2024-08-22 19:34:00	2024-08-22 19:34:07	163	6010	To be clear, it looked like this happened on 495 near exit 30, 1534.
59	7695-1724353831_852887500.1-call_96.m4a	moco_md_ps	f	13	0	852887500	{"{\\"pos\\": 0.0, \\"src\\": 302}"}	0	2024-08-22 19:10:32	2024-08-22 19:10:47	149	7695	It's like a Walmart bag. But when I get to my end stop, I'll let you know. All right, 10-4. It's like a Walmart bag, I believe. Okay, I'll check it. I'm almost at the end. 10-4, thank you.
81	6000-1724354077_853275000.1-call_157.m4a	moco_md_ps	f	2	0	853275000	{"{\\"pos\\": 0.0, \\"src\\": 42}"}	0	2024-08-22 19:14:37	2024-08-22 19:14:39	161	6000	Copy. 1514.
160	6000-1724354574_851337500.0-call_6.m4a	moco_md_ps	f	14	0	851337500	{"{\\"pos\\": 0.0, \\"src\\": 2510506}"}	0	2024-08-22 19:22:55	2024-08-22 19:23:15	161	6000	9 Henry 52-1-1. 9 Henry 52. Can you hold me up to the rear end address when you're ready? Go ahead. This is a little wood cut through. 1-2-5-3-1 Anson, A-N-S-I-N, Anson Circle.
86	6010-1724354103_851275000.1-call_163.m4a	moco_md_ps	f	7	0	851275000	{"{\\"pos\\": 0.0, \\"src\\": 2514327}"}	0	2024-08-22 19:15:03	2024-08-22 19:15:11	163	6010	Can you call me at the Nike store, OD John, please?
90	7695-1724354126_852837500.0-call_167.m4a	moco_md_ps	f	4	0	852837500	{"{\\"pos\\": 0.0, \\"src\\": 302}"}	0	2024-08-22 19:15:26	2024-08-22 19:15:31	149	7695	I'm sorry. I can't do it. 10-4. Thank you.
166	6020-1724354603_851275000.1-call_17.m4a	moco_md_ps	f	3	0	851275000	{"{\\"pos\\": 0.0, \\"src\\": 2512334}"}	0	2024-08-22 19:23:23	2024-08-22 19:23:28	165	6020	Nine X-ray seven direct. Nine X-ray seven direct. Thank you.
105	4005-1724354197_853937500.0-call_185.m4a	moco_md_ps	f	30	180	853937500	{"{\\"pos\\": 0.0, \\"src\\": 66}","{\\"pos\\": 1.08, \\"src\\": 66}","{\\"pos\\": 20.16, \\"src\\": -1}","{\\"pos\\": 21.06, \\"src\\": 66}"}	12	2024-08-22 19:16:38	2024-08-22 19:17:16	6	4005	Northbound Interstate 95 before ICC Route 200. Mutuated Prince George's County. Personal injury. Collision. Rescue Squad 715. Respond 8 Alpha 1. Prince George's Box Area 4115. 2701 Martello Drive. Cross Street. Old Columbia Pike. Sick Person. BOS. Ambulance 715. Respond 7 Alpha 1. Box Area 155. 1570.
107	6010-1724354246_852837500.0-call_201.m4a	moco_md_ps	f	7	0	852837500	{"{\\"pos\\": 0.0, \\"src\\": 43}"}	0	2024-08-22 19:17:26	2024-08-22 19:17:34	163	6010	George 12, go ahead and step it up for 14 stop, 15, 17.
129	6610-1724354364_853162500.0-call_236.m4a	moco_md_ps	f	6	0	853162500	{"{\\"pos\\": 0.0, \\"src\\": 2514660}","{\\"pos\\": 5.96, \\"src\\": -1}"}	0	2024-08-22 19:19:24	2024-08-22 19:19:35	157	6610	We still want night for dispatch. Dispatch, go. Show me building 223.
172	6610-1724354652_853275000.1-call_31.m4a	moco_md_ps	f	9	0	853275000	{"{\\"pos\\": 0.0, \\"src\\": 2514672}"}	0	2024-08-22 19:24:12	2024-08-22 19:24:23	157	6610	Charlie here for truck inspection. We have on track transportation driving a white van with no logo. This is the first time. Please look out for us.
135	6010-1724354388_852837500.0-call_247.m4a	moco_md_ps	f	3	0	852837500	{"{\\"pos\\": 0.0, \\"src\\": 43}","{\\"pos\\": 3.2, \\"src\\": -1}"}	0	2024-08-22 19:19:48	2024-08-22 19:19:54	163	6010	Okay, and this was the last two digits, and I almost cut it for you.
183	6220-1724354690_851650000.0-call_47.m4a	moco_md_ps	f	5	0	851650000	{"{\\"pos\\": 0.0, \\"src\\": 700455}","{\\"pos\\": 1.88, \\"src\\": 700455}"}	0	2024-08-22 19:24:50	2024-08-22 19:24:59	167	6220	Yes, 43, checking you out there. 43 is okay. 15, 24.
192	6610-1724354763_853275000.1-call_67.m4a	moco_md_ps	f	3	0	853275000	{"{\\"pos\\": 0.0, \\"src\\": 2514665}","{\\"pos\\": 2.52, \\"src\\": -1}"}	0	2024-08-22 19:26:04	2024-08-22 19:26:08	157	6610	Copy. 1526.
202	4000-1724354869_853937500.0-call_84.m4a	moco_md_ps	f	8	90	853937500	{"{\\"pos\\": 0.0, \\"src\\": 2500569}","{\\"pos\\": 5.94, \\"src\\": 67}"}	6	2024-08-22 19:27:50	2024-08-22 19:27:59	5	4000	Paramedic in 706 Montgomery. This is going to be good intent. You can place the ambulance in service. Ambulance 741 Bravo, you can go in service.
214	6005-1724354981_852887500.1-call_112.m4a	moco_md_ps	f	3	0	852887500	{"{\\"pos\\": 0.0, \\"src\\": 2511593}"}	0	2024-08-22 19:29:41	2024-08-22 19:29:44	162	6005	Everyone, the last 303753.
221	6225-1724355021_853112500.1-call_129.m4a	moco_md_ps	f	15	0	853112500	{"{\\"pos\\": 0.0, \\"src\\": 2514703}"}	0	2024-08-22 19:30:21	2024-08-22 19:30:42	140	6225	Good afternoon, Sergeant. You're coming in loud and clear. Thank you, sir. Base 23, radio check.
222	6020-1724355041_853112500.0-call_132.m4a	moco_md_ps	f	1	0	853112500	{"{\\"pos\\": 0.0, \\"src\\": 2512314}"}	0	2024-08-22 19:30:41	2024-08-22 19:30:43	165	6020	Alright, bro.
226	6610-1724355046_853362500.1-call_135.m4a	moco_md_ps	f	4	0	853362500	{"{\\"pos\\": 0.0, \\"src\\": 2514699}"}	0	2024-08-22 19:30:47	2024-08-22 19:30:53	157	6610	Charlie, you did this right. Charlie, you did this right.
229	6020-1724355055_853362500.1-call_142.m4a	moco_md_ps	f	2	0	853362500	{"{\\"pos\\": 0.0, \\"src\\": 46}"}	0	2024-08-22 19:30:56	2024-08-22 19:30:59	165	6020	Hartsdale, yeah. Okay.
230	6000-1724355017_851275000.1-call_127.m4a	moco_md_ps	f	24	0	851275000	{"{\\"pos\\": 0.0, \\"src\\": 2512114}","{\\"pos\\": 9.72, \\"src\\": 2510540}","{\\"pos\\": 14.96, \\"src\\": 42}","{\\"pos\\": 17.24, \\"src\\": 2511898}"}	0	2024-08-22 19:30:18	2024-08-22 19:30:59	161	6000	4 on 23. 5 on 23. Yeah, I just contacted LP. They were able to get their merchandise back. They don't need our help anymore. 2961. I'm good. I'm 5 on 43. Now I'm 10 on your direct. I'm on direct. 43 direct. 1530. Charlie 12. I'm Charlie 12. Can you help me out on viewers and first with the PDC and Charlie 13 with me?
233	6610-1724355055_852837500.0-call_141.m4a	moco_md_ps	f	6	0	852837500	{"{\\"pos\\": 0.0, \\"src\\": 2514665}"}	0	2024-08-22 19:30:56	2024-08-22 19:31:05	157	6610	Where's Brasco? The ancient gates are now locked. Copy. 1631.
235	7700-1724355064_853362500.1-call_147.m4a	moco_md_ps	f	7	0	853362500	{"{\\"pos\\": 0.0, \\"src\\": 301}"}	0	2024-08-22 19:31:04	2024-08-22 19:31:13	144	7700	Hey, good afternoon. I got vehicle 1128. 1128. One moment, sir.
236	4435-1724355072_852837500.1-call_152.m4a	moco_md_ps	f	2	0	852837500	{"{\\"pos\\": 0.0, \\"src\\": 2502596}"}	0	2024-08-22 19:31:12	2024-08-22 19:31:14	57	4435	Wine and coffee's in arrival.
63	4410-1724353859_852887500.0-call_107.m4a	moco_md_ps	f	3	0	852887500	{"{\\"pos\\": 0.0, \\"src\\": 2502591}","{\\"pos\\": 1.44, \\"src\\": 2500669}"}	0	2024-08-22 19:11:00	2024-08-22 19:11:05	52	4410	I'm sorry, go ahead.
82	6020-1724354065_851487500.0-call_154.m4a	moco_md_ps	f	14	0	851487500	{"{\\"pos\\": 0.0, \\"src\\": 2510129}","{\\"pos\\": 4.2, \\"src\\": 46}"}	0	2024-08-22 19:14:25	2024-08-22 19:14:42	165	6020	Can I have a set number, please, for the Walmart? 240-039-741. 240-039-741. Mary 1-701 at 1427.
64	4410-1724353884_853112500.1-call_111.m4a	moco_md_ps	f	1	0	853112500	{"{\\"pos\\": 0.0, \\"src\\": 2502591}"}	0	2024-08-22 19:11:25	2024-08-22 19:11:26	52	4410	I'm going to recover.
161	6375-1724354586_851275000.1-call_10.m4a	moco_md_ps	f	6	0	851275000	{"{\\"pos\\": 0.0, \\"src\\": 2513905}","{\\"pos\\": 3.92, \\"src\\": 211}"}	0	2024-08-22 19:23:07	2024-08-22 19:23:15	169	6375	2-5-3-3, replacement out of service. Y'all have a good evening. You too, sir. 15-23.
65	6005-1724353886_853112500.0-call_112.m4a	moco_md_ps	f	6	0	853112500	{"{\\"pos\\": 0.0, \\"src\\": 2511549}","{\\"pos\\": 5.4, \\"src\\": 48}"}	0	2024-08-22 19:11:27	2024-08-22 19:11:36	162	6005	At about this time we have Miles and the complainant together. Direct.
434	6610-1724356477_852912500.0-call_595.m4a	moco_md_ps	f	4	0	852912500	{"{\\"pos\\": 0.0, \\"src\\": 2514650}","{\\"pos\\": 1.6, \\"src\\": 2514665}"}	0	2024-08-22 19:54:38	2024-08-22 19:54:44	157	6610	Charlie, get your last degree. Copy. 1554.
66	7690-1724353892_853112500.1-call_114.m4a	moco_md_ps	f	4	0	853112500	{"{\\"pos\\": 0.0, \\"src\\": 704917}"}	0	2024-08-22 19:11:33	2024-08-22 19:11:37	145	7690	20-11, no, there's no grocery bags on this bus.
85	6010-1724354098_853162500.0-call_162.m4a	moco_md_ps	f	2	0	853162500	{"{\\"pos\\": 0.0, \\"src\\": 2514327}"}	0	2024-08-22 19:14:59	2024-08-22 19:15:01	163	6010	OD 6340.
173	6020-1724354652_852887500.1-call_33.m4a	moco_md_ps	f	9	0	852887500	{"{\\"pos\\": 0.0, \\"src\\": 2512334}"}	0	2024-08-22 19:24:13	2024-08-22 19:24:23	165	6020	9-9-4-7, just once they get the full story before they clear or after they clear either way, somebody gives me a call so I can get the back story.
92	6005-1724354147_852912500.0-call_171.m4a	moco_md_ps	f	3	0	852912500	{"{\\"pos\\": 0.0, \\"src\\": 48}"}	0	2024-08-22 19:15:47	2024-08-22 19:15:50	162	6005	4 Delta 11 or 2 Delta 10 permission to hold.
106	6010-1724354236_853112500.0-call_195.m4a	moco_md_ps	f	5	0	853112500	{"{\\"pos\\": 0.0, \\"src\\": 2512749}"}	0	2024-08-22 19:17:17	2024-08-22 19:17:22	163	6010	I'm George Selby, and we can go priority to 14.
174	6015-1724354652_851337500.0-call_32.m4a	moco_md_ps	f	10	0	851337500	{"{\\"pos\\": 0.0, \\"src\\": 2510491}","{\\"pos\\": 2.76, \\"src\\": 2510491}"}	0	2024-08-22 19:24:12	2024-08-22 19:24:26	164	6015	322 on 4. 322. I need a call from BBC Northbound, New Hampshire. Hopefully Lane. Hopefully Lane.
108	6020-1724354243_851337500.0-call_197.m4a	moco_md_ps	f	10	0	851337500	{"{\\"pos\\": 0.0, \\"src\\": 2513349}","{\\"pos\\": 6.12, \\"src\\": 46}"}	0	2024-08-22 19:17:24	2024-08-22 19:17:40	165	6020	4-9-32. 5. K-9's work will reference this. Any K-9 on the air? 4-7, I'm responding.
114	7695-1724354243_851337500.1-call_198.m4a	moco_md_ps	f	23	0	851337500	{"{\\"pos\\": 0.0, \\"src\\": 302}"}	0	2024-08-22 19:17:24	2024-08-22 19:17:49	149	7695	5090. 5090. Yeah, good evening, sister. Good afternoon, 5090. I need a bus with you at Silver Spring at 325. Will you be able to help me out with that? Which bay are they going to be at? They're coming in as a 4, and then they go on their meal break. It'll be bus 5087.
203	6005-1724354874_852887500.0-call_86.m4a	moco_md_ps	f	9	0	852887500	{"{\\"pos\\": 0.0, \\"src\\": 2510744}"}	0	2024-08-22 19:27:55	2024-08-22 19:28:04	162	6005	210, the kid's not at the accident scene, so I'll head over to the call location. Other units can start circulating.
124	6005-1724354343_852887500.0-call_227.m4a	moco_md_ps	f	2	0	852887500	{"{\\"pos\\": 0.0, \\"src\\": 48}","{\\"pos\\": 2.32, \\"src\\": -1}"}	0	2024-08-22 19:19:04	2024-08-22 19:19:08	162	6005	All right, I'm direct. Did you need another unit?
127	4385-1724354363_852912500.1-call_235.m4a	moco_md_ps	f	2	0	852912500	{"{\\"pos\\": 0.0, \\"src\\": 501}"}	0	2024-08-22 19:19:23	2024-08-22 19:19:24	47	4385	Hey, Alfred. Hey, Africa.
223	4005-1724355032_853937500.0-call_130.m4a	moco_md_ps	f	12	90	853937500	{"{\\"pos\\": 0.0, \\"src\\": 66}","{\\"pos\\": 0.9, \\"src\\": 66}"}	6	2024-08-22 19:30:32	2024-08-22 19:30:47	6	4005	Marriott, 7750 Wisconsin Avenue, Cross Street, Middleton Lane. Fire alarm routine response. Paramedic engine 706, rescue squad 741 Bravo, proceed 7-1-1, box area 68. 15-3rd.
136	6610-1724354388_851337500.1-call_248.m4a	moco_md_ps	f	11	0	851337500	{"{\\"pos\\": 0.0, \\"src\\": 2514665}","{\\"pos\\": 3.12, \\"src\\": 2514660}"}	0	2024-08-22 19:19:48	2024-08-22 19:20:04	157	6610	Please give one night to dispatch. Dispatch, no. I have a gentleman here at the front of lobby 223. Left dispatch in his office. Can you verify his name?
137	6020-1724354411_852887500.1-call_252.m4a	moco_md_ps	f	1	0	852887500	{"{\\"pos\\": 0.0, \\"src\\": 2511287}"}	0	2024-08-22 19:20:12	2024-08-22 19:20:14	165	6020	2012.
228	6225-1724355046_853612500.1-call_133.m4a	moco_md_ps	f	6	0	853612500	{"{\\"pos\\": 0.0, \\"src\\": 2514703}"}	0	2024-08-22 19:30:46	2024-08-22 19:30:54	140	6225	Thank you, ma'am. Face 26, radio check.
138	6010-1724354420_852912500.1-call_255.m4a	moco_md_ps	f	10	0	852912500	{"{\\"pos\\": 0.0, \\"src\\": 43}","{\\"pos\\": 9.16, \\"src\\": 2510822}"}	0	2024-08-22 19:20:20	2024-08-22 19:20:35	163	6010	Bridgers 14-2, just coming back 10-60. It's a Avis car rental. All right, and that's a black Mitsubishi Outlander, correct? Affirm. Copy.
139	6005-1724354443_853162500.1-call_258.m4a	moco_md_ps	f	2	0	853162500	{"{\\"pos\\": 0.0, \\"src\\": 48}","{\\"pos\\": 1.76, \\"src\\": -1}"}	0	2024-08-22 19:20:43	2024-08-22 19:20:47	162	6005	Thank you for everyone.
232	4435-1724355056_851275000.0-call_143.m4a	moco_md_ps	f	5	0	851275000	{"{\\"pos\\": 0.0, \\"src\\": 2502596}","{\\"pos\\": 4.48, \\"src\\": -1}"}	0	2024-08-22 19:30:57	2024-08-22 19:31:03	57	4435	By the way, this is a cheap company with high full-tension, high pull.
142	6475-1724354463_852912500.0-call_261.m4a	moco_md_ps	f	2	0	852912500	{"{\\"pos\\": 0.0, \\"src\\": 2514006}"}	0	2024-08-22 19:21:04	2024-08-22 19:21:06	120	6475	Thanks very much.
262	6610-1724355234_853362500.1-call_213.m4a	moco_md_ps	f	8	0	853362500	{"{\\"pos\\": 0.0, \\"src\\": 2514665}"}	0	2024-08-22 19:33:55	2024-08-22 19:34:07	157	6610	Truck inspection, C-Bay Slash. C-Bay Slash, go. Truck inspection, C-Bay Slash. Copy. 15-34.
237	7700-1724355076_852837500.1-call_154.m4a	moco_md_ps	f	5	0	852837500	{"{\\"pos\\": 0.0, \\"src\\": 301}","{\\"pos\\": 1.68, \\"src\\": 705508}","{\\"pos\\": 5.04, \\"src\\": -1}"}	0	2024-08-22 19:31:16	2024-08-22 19:31:29	144	7700	055, please, Paul. Thank you. 055. Thank you. 055.
238	6020-1724355095_853362500.0-call_159.m4a	moco_md_ps	f	2	0	853362500	{"{\\"pos\\": 0.0, \\"src\\": 2510388}"}	0	2024-08-22 19:31:35	2024-08-22 19:31:38	165	6020	Coordinates 13, Craig, it's on to numbers.
239	6225-1724355069_851487500.1-call_151.m4a	moco_md_ps	f	22	0	851487500	{"{\\"pos\\": 0.0, \\"src\\": 2514703}","{\\"pos\\": 14.92, \\"src\\": 2510110}","{\\"pos\\": 16.52, \\"src\\": 2512984}"}	0	2024-08-22 19:31:09	2024-08-22 19:31:43	140	6225	Uh, 26, I'll read you loud and clear. Thank you, sir. Base 32, radio check and all assistance functions. Everything's in for. Thank you, sir. Base 39, radio check. Read you loud and clear. Thank you. Base 36, radio check. Loud and clear.
265	6010-1724355253_851650000.0-call_220.m4a	moco_md_ps	f	4	0	851650000	{"{\\"pos\\": 0.0, \\"src\\": 2510196}","{\\"pos\\": 4.04, \\"src\\": -1}"}	0	2024-08-22 19:34:14	2024-08-22 19:34:20	163	6010	422, can you figure out exactly where that is?
240	7700-1724355088_853362500.1-call_156.m4a	moco_md_ps	f	13	0	853362500	{"{\\"pos\\": 0.0, \\"src\\": 301}","{\\"pos\\": 1.04, \\"src\\": 301}","{\\"pos\\": 10.96, \\"src\\": 705508}"}	0	2024-08-22 19:31:29	2024-08-22 19:31:47	144	7700	Mr. Sobratti. Yes, sir. I'll be 10-7 if you remain there. Have a good afternoon. We'll do this again tomorrow. Let's see. Well, some of us will see them. I'll be here. Have a good afternoon. Have a good afternoon.
241	6225-1724355105_851337500.1-call_165.m4a	moco_md_ps	f	10	0	851337500	{"{\\"pos\\": 0.0, \\"src\\": 2514703}"}	0	2024-08-22 19:31:45	2024-08-22 19:31:58	140	6225	Thank you, sir. Radio check. Reach it out. I'm clear. Thank you, ma'am. Radio check complete.
242	6015-1724355116_853362500.0-call_170.m4a	moco_md_ps	f	2	0	853362500	{"{\\"pos\\": 0.0, \\"src\\": 2510491}"}	0	2024-08-22 19:31:57	2024-08-22 19:31:59	164	6015	You have a report.
243	6020-1724355108_853275000.0-call_166.m4a	moco_md_ps	f	11	0	853275000	{"{\\"pos\\": 0.0, \\"src\\": 46}"}	0	2024-08-22 19:31:49	2024-08-22 19:31:59	165	6020	Nancy, 13, it's 240-039-744. 240-039-744. Nancy, 2586 at 1515.
267	6375-1724355262_851337500.0-call_225.m4a	moco_md_ps	f	1	0	851337500	{"{\\"pos\\": 0.0, \\"src\\": 2513901}"}	0	2024-08-22 19:34:23	2024-08-22 19:34:24	169	6375	32.
244	6020-1724355126_853275000.0-call_172.m4a	moco_md_ps	f	1	0	853275000	{"{\\"pos\\": 0.0, \\"src\\": 2510388}"}	0	2024-08-22 19:32:06	2024-08-22 19:32:07	165	6020	All right. Thank you.
245	6005-1724355116_851337500.0-call_169.m4a	moco_md_ps	f	10	0	851337500	{"{\\"pos\\": 0.0, \\"src\\": 48}"}	0	2024-08-22 19:31:56	2024-08-22 19:32:07	162	6005	215, I'll be checking the YMCA Arilon, YMCA Arilon Program Park. Sure.
246	6015-1724355121_851337500.1-call_171.m4a	moco_md_ps	f	8	0	851337500	{"{\\"pos\\": 0.0, \\"src\\": 50}","{\\"pos\\": 0.96, \\"src\\": 50}"}	0	2024-08-22 19:32:01	2024-08-22 19:32:12	164	6015	All right, somebody do it. All right, uh, yeah, that's right. Um, 55111. All right, copy.
268	6005-1724355260_853612500.0-call_222.m4a	moco_md_ps	f	4	0	853612500	{"{\\"pos\\": 0.0, \\"src\\": 48}"}	0	2024-08-22 19:34:21	2024-08-22 19:34:25	162	6005	Delta 23, I'm direct. DCI, I see a picture's been uploaded.
247	6610-1724355141_852887500.0-call_178.m4a	moco_md_ps	f	11	0	852887500	{"{\\"pos\\": 0.0, \\"src\\": 2514665}"}	0	2024-08-22 19:32:21	2024-08-22 19:32:37	157	6610	1-7 dispatch. Dispatch, go. Building 421, all in order. Copy. 15-32.
248	6005-1724355145_853162500.1-call_180.m4a	moco_md_ps	f	9	0	853162500	{"{\\"pos\\": 0.0, \\"src\\": 2512810}","{\\"pos\\": 5.72, \\"src\\": 2512646}"}	0	2024-08-22 19:32:25	2024-08-22 19:32:38	162	6005	216. Yeah, VCIC and shift 4 should have a picture of the subject. VCIC, I just got it and I'll be uploading it in a minute.
249	4005-1724355150_853112500.0-call_182.m4a	moco_md_ps	f	13	135	853112500	{"{\\"pos\\": 0.0, \\"src\\": 66}","{\\"pos\\": 0.9, \\"src\\": 66}"}	9	2024-08-22 19:32:30	2024-08-22 19:32:45	6	4005	Genesis Fairland Nursing Home, 2101 Fairland Road, in the lobby, Cross Street, Colfair Drive, safe person, BOS, routine response, AMLN 724, proceed 7-0-1, box area 1515, 15302.
274	6005-1724355300_852837500.1-call_239.m4a	moco_md_ps	f	7	0	852837500	{"{\\"pos\\": 0.0, \\"src\\": 2510744}"}	0	2024-08-22 19:35:01	2024-08-22 19:35:08	162	6005	Two-time, we're direct. Are you able to bring him back, or do you want parents to come over and just make sure two or three is direct?
250	6020-1724355165_853362500.1-call_183.m4a	moco_md_ps	f	2	0	853362500	{"{\\"pos\\": 0.0, \\"src\\": 46}"}	0	2024-08-22 19:32:46	2024-08-22 19:32:48	165	6020	Any unit at or near the station for an ERO?
251	6020-1724355172_851275000.1-call_186.m4a	moco_md_ps	f	5	0	851275000	{"{\\"pos\\": 0.0, \\"src\\": 46}"}	0	2024-08-22 19:32:53	2024-08-22 19:32:58	165	6020	Car 530, I'll take care of it. Okay.
253	4425-1724355198_851650000.1-call_197.m4a	moco_md_ps	f	1	0	851650000	{"{\\"pos\\": 0.0, \\"src\\": 2502786}"}	0	2024-08-22 19:33:18	2024-08-22 19:33:20	55	4425	Okay.
254	6005-1724355176_851275000.0-call_187.m4a	moco_md_ps	f	30	0	851275000	{"{\\"pos\\": 0.0, \\"src\\": 48}"}	0	2024-08-22 19:32:56	2024-08-22 19:33:26	162	6005	For Delta 3 and a unit to assist, respond priority for suicide, 4400 East West Highway. There's no apartment number listed. This was transferred from Entrato, the suicide hotline. Their advising subject was depressed, suicidal, and went to buy a gun. They're saying he doesn't have a plan to kill himself. They don't think he was successful with the gun purchase. Lookouts for white male, 84. His name is Jonas Feynman.
278	7700-1724355320_851487500.1-call_247.m4a	moco_md_ps	f	3	0	851487500	{"{\\"pos\\": 0.0, \\"src\\": 705509}"}	0	2024-08-22 19:35:21	2024-08-22 19:35:24	144	7700	You're not going to know me at this point, Joe.
255	4425-1724355215_852887500.1-call_202.m4a	moco_md_ps	f	2	0	852887500	{"{\\"pos\\": 0.0, \\"src\\": 2502786}"}	0	2024-08-22 19:33:36	2024-08-22 19:33:37	55	4425	Right.
252	6010-1724355188_851275000.1-call_192.m4a	moco_md_ps	f	3	0	851275000	{"{\\"pos\\": 0.0, \\"src\\": 43}"}	0	2024-08-22 19:33:09	2024-08-22 19:33:11	163	6010	422 for a shooting occurred earlier.
376	7745-1724355944_852837500.0-call_442.m4a	moco_md_ps	f	3	0	852837500	{"{\\"pos\\": 0.0, \\"src\\": 706414}"}	0	2024-08-22 19:45:45	2024-08-22 19:45:47	142	7745	ERROR: TRANSCRIPTION_TIMEOUT
256	6005-1724355213_852887500.0-call_201.m4a	moco_md_ps	f	4	0	852887500	{"{\\"pos\\": 0.0, \\"src\\": 2512195}"}	0	2024-08-22 19:33:33	2024-08-22 19:33:37	162	6005	That's me, I'm direct. Do you have any history at this address?
263	6005-1724355229_851275000.1-call_210.m4a	moco_md_ps	f	17	0	851275000	{"{\\"pos\\": 0.0, \\"src\\": 2511254}"}	0	2024-08-22 19:33:50	2024-08-22 19:34:10	162	6005	We do, but then there's no apartment number listed, and there's no phone number for the subject, so I can't look. Okay, I guess we got the wife's phone. We can call her. I appreciate it.
266	4425-1724355253_851487500.1-call_219.m4a	moco_md_ps	f	2	0	851487500	{"{\\"pos\\": 0.0, \\"src\\": 2502786}"}	0	2024-08-22 19:34:13	2024-08-22 19:34:15	55	4425	I don't think so.
270	6010-1724355274_851487500.0-call_232.m4a	moco_md_ps	f	1	0	851487500	{"{\\"pos\\": 0.0, \\"src\\": 2510196}"}	0	2024-08-22 19:34:34	2024-08-22 19:34:36	163	6010	All right, I'm going to...
271	6375-1724355267_853162500.0-call_228.m4a	moco_md_ps	f	10	0	853162500	{"{\\"pos\\": 0.0, \\"src\\": 2513901}","{\\"pos\\": 8.16, \\"src\\": 211}"}	0	2024-08-22 19:34:28	2024-08-22 19:34:41	169	6375	10-32. Could you please reopen the call at 7690 New Hampshire, the hidden run, and put me on it, please? Copy that, 15-34.
272	6020-1724355272_853162500.1-call_229.m4a	moco_md_ps	f	14	0	853162500	{"{\\"pos\\": 0.0, \\"src\\": 46}","{\\"pos\\": 1.16, \\"src\\": 46}","{\\"pos\\": 14.2, \\"src\\": -1}"}	0	2024-08-22 19:34:32	2024-08-22 19:34:55	165	6020	40 to 10. Go ahead. I have a disconnect from an address on Moonridge. Your eye on callback was supposed to marry. She said she meant to dial out 914 and there's no emergency. Do you want me to send that out or close it? I didn't cancel. Okay.
275	6010-1724355304_852837500.0-call_242.m4a	moco_md_ps	f	4	0	852837500	{"{\\"pos\\": 0.0, \\"src\\": 2512858}"}	0	2024-08-22 19:35:05	2024-08-22 19:35:10	163	6010	Four out of 24 for a CDS. Good.
276	6005-1724355310_851650000.1-call_243.m4a	moco_md_ps	f	2	0	851650000	{"{\\"pos\\": 0.0, \\"src\\": 2513182}"}	0	2024-08-22 19:35:11	2024-08-22 19:35:12	162	6005	203 Android, thank you.
277	4005-1724355303_852912500.0-call_241.m4a	moco_md_ps	f	11	45	852912500	{"{\\"pos\\": 0.0, \\"src\\": 66}","{\\"pos\\": 0.9, \\"src\\": 66}"}	3	2024-08-22 19:35:04	2024-08-22 19:35:16	6	4005	13,501 Alehouse Circle, Unit 233, Cross Street, Sherman Town, Rural Pediatrics, 6th Person, BOS, Routine Response, MLS 722, Proceed 7, Alpha 1, Box Air 22A, 1535.
279	6005-1724355314_851487500.0-call_246.m4a	moco_md_ps	f	9	0	851487500	{"{\\"pos\\": 0.0, \\"src\\": 2510744}"}	0	2024-08-22 19:35:15	2024-08-22 19:35:26	162	6005	Hey there, Tina. I can give them a ride home. Is the address the caller? Or is the address the call location? The address is my name. Thanks.
280	6010-1724355312_853362500.0-call_244.m4a	moco_md_ps	f	14	0	853362500	{"{\\"pos\\": 0.0, \\"src\\": 43}"}	0	2024-08-22 19:35:12	2024-08-22 19:35:26	163	6010	13,156 Music Master Drive. That's 13156 Music Master Drive. Borgella is your complaint. She doesn't want to be seen advising of five males using and selling marijuana. No weapons involved.
281	6475-1724355321_853612500.1-call_248.m4a	moco_md_ps	f	9	0	853612500	{"{\\"pos\\": 0.0, \\"src\\": 2514006}","{\\"pos\\": 1.24, \\"src\\": 205}","{\\"pos\\": 8.96, \\"src\\": -1}"}	0	2024-08-22 19:35:22	2024-08-22 19:35:38	120	6475	We are on full patrol starting from the Sligo North area.
282	6010-1724355328_853612500.0-call_250.m4a	moco_md_ps	f	5	0	853612500	{"{\\"pos\\": 0.0, \\"src\\": 2512858}","{\\"pos\\": 3.92, \\"src\\": 43}","{\\"pos\\": 5.24, \\"src\\": -1}"}	0	2024-08-22 19:35:28	2024-08-22 19:35:41	163	6010	I'm direct. Since she doesn't want to be seen, contact the supervisor, please. 410. Do it.
283	7700-1724355330_852837500.1-call_251.m4a	moco_md_ps	f	8	0	852837500	{"{\\"pos\\": 0.0, \\"src\\": 705509}"}	0	2024-08-22 19:35:31	2024-08-22 19:35:40	144	7700	Hey, what's going on, mate? Hey, John, how you doing today? I'm 10-8, vehicle 12-24, personal cell phone.
284	6005-1724355333_852837500.0-call_252.m4a	moco_md_ps	f	9	0	852837500	{"{\\"pos\\": 0.0, \\"src\\": 2510744}","{\\"pos\\": 5.88, \\"src\\": 2510299}"}	0	2024-08-22 19:35:34	2024-08-22 19:35:47	162	6005	To the chance I ride in here. Yeah. Yeah. I just want to call. Copy. We're heading to my car now. I'll take him there.
285	6005-1724355350_852912500.1-call_257.m4a	moco_md_ps	f	1	0	852912500	{"{\\"pos\\": 0.0, \\"src\\": 48}"}	0	2024-08-22 19:35:51	2024-08-22 19:35:52	162	6005	4 Delta 3.
286	4000-1724355344_853162500.0-call_255.m4a	moco_md_ps	f	8	45	853162500	{"{\\"pos\\": 0.0, \\"src\\": 2501519}","{\\"pos\\": 5.58, \\"src\\": 67}"}	3	2024-08-22 19:35:44	2024-08-22 19:35:53	5	4000	Paramedic, this is 722 Montgomery. This is my new radio identifier. Okay, Paramedic, this is 722.
287	6005-1724355354_851487500.0-call_259.m4a	moco_md_ps	f	6	0	851487500	{"{\\"pos\\": 0.0, \\"src\\": 48}","{\\"pos\\": 4.64, \\"src\\": 2512195}"}	0	2024-08-22 19:35:54	2024-08-22 19:36:03	162	6005	We attempted to contact a wife for an apartment number, but got no answer.
288	7700-1724355362_851650000.1-call_263.m4a	moco_md_ps	f	1	0	851650000	{"{\\"pos\\": 0.0, \\"src\\": 303}"}	0	2024-08-22 19:36:03	2024-08-22 19:36:04	144	7700	Oh, no, no, no.
289	4000-1724355358_853275000.0-call_261.m4a	moco_md_ps	f	8	90	853275000	{"{\\"pos\\": 0.0, \\"src\\": 2500569}","{\\"pos\\": 4.86, \\"src\\": 67}"}	6	2024-08-22 19:35:58	2024-08-22 19:36:07	5	4000	Paramedic, engine 706, Montgomery, replace the squad on service. Rescue squad, 741, Bravo, in gun service.
290	6010-1724355342_852912500.0-call_254.m4a	moco_md_ps	f	17	0	852912500	{"{\\"pos\\": 0.0, \\"src\\": 43}","{\\"pos\\": 10.56, \\"src\\": 43}","{\\"pos\\": 14.04, \\"src\\": 2512858}"}	0	2024-08-22 19:35:42	2024-08-22 19:36:07	163	6010	Fort Georgetown. Fort Georgetown. I've had a CBS call on the I-102. Hopefully it doesn't want to be seen. It's referenced five males using and selling marijuana. We can cancel. Thank you. Friday, 24. You can disagree. 1536.
291	6000-1724355366_853612500.0-call_265.m4a	moco_md_ps	f	6	0	853612500	{"{\\"pos\\": 0.0, \\"src\\": 42}","{\\"pos\\": 5.24, \\"src\\": 2510741}"}	0	2024-08-22 19:36:06	2024-08-22 19:36:16	161	6000	We're out of time. Commission to continue holding the calls and sending. Only one day is available. Fine.
377	4000-1724355962_851650000.0-call_448.m4a	moco_md_ps	f	9	45	851650000	{"{\\"pos\\": 0.0, \\"src\\": 67}"}	3	2024-08-22 19:46:03	2024-08-22 19:46:12	5	4000	Can't be on 705 responding, Andrew Carson. From LaFalle. 43F to Randolph Road. By the mailboxes. 1546.
292	6000-1724355378_852837500.0-call_270.m4a	moco_md_ps	f	2	0	852837500	{"{\\"pos\\": 0.0, \\"src\\": 42}"}	0	2024-08-22 19:36:19	2024-08-22 19:36:21	161	6000	Thank you.
436	6010-1724356493_853275000.1-call_599.m4a	moco_md_ps	f	17	0	853275000	{"{\\"pos\\": 0.0, \\"src\\": 43}"}	0	2024-08-22 19:54:53	2024-08-22 19:55:10	163	6010	Okay. The dispute's going to be at T-Mobile, 11,203 New Hampshire Avenue. Hassan was your complainant. Between him and an employee, there's four subjects involved. They're all on T. I'm assuming the subjects are all employees there.
309	4005-1724355416_851487500.0-call_286.m4a	moco_md_ps	f	25	137	851487500	{"{\\"pos\\": 0.0, \\"src\\": 66}","{\\"pos\\": 0.9, \\"src\\": 66}","{\\"pos\\": 12.06, \\"src\\": -1}","{\\"pos\\": 12.96, \\"src\\": 66}"}	11	2024-08-22 19:36:57	2024-08-22 19:37:27	6	4005	14-12, Gleason Street, Cross Street, Inwood Avenue. Overdose AOS-1, paramedic truck 716, ambulance 742, Charlie, respond 7-1, box area 19-10. 4303, Arborwood Court, Cross Street, Bentley Park Drive. Home fire alarm, routine response. Paramedic engine 841, proceed 7-1, box area 15-1. 15-30, sir.
317	6220-1724355558_852887500.0-call_316.m4a	moco_md_ps	f	1	0	852887500	{"{\\"pos\\": 0.0, \\"src\\": 700437}"}	0	2024-08-22 19:39:19	2024-08-22 19:39:20	167	6220	Sorry about that.
438	6015-1724356496_852912500.0-call_600.m4a	moco_md_ps	f	9	0	852912500	{"{\\"pos\\": 0.0, \\"src\\": 2511549}","{\\"pos\\": 2.76, \\"src\\": 2511549}","{\\"pos\\": 8.72, \\"src\\": 50}"}	0	2024-08-22 19:54:57	2024-08-22 19:55:12	164	6015	I'll do 2866 on 4. Okay. I'm out of the rack. I'm going to wait. I'm going to hold back. I should be 41. Alright.
322	6375-1724355589_853362500.0-call_327.m4a	moco_md_ps	f	2	0	853362500	{"{\\"pos\\": 0.0, \\"src\\": 2513837}"}	0	2024-08-22 19:39:50	2024-08-22 19:39:52	169	6375	Thank you.
324	6375-1724355594_851487500.0-call_328.m4a	moco_md_ps	f	4	0	851487500	{"{\\"pos\\": 0.0, \\"src\\": 211}"}	0	2024-08-22 19:39:54	2024-08-22 19:39:59	169	6375	I'm going to put your number on a vegan hashtag form that needs approval.
443	7745-1724356533_853112500.0-call_617.m4a	moco_md_ps	f	2	0	853112500	{"{\\"pos\\": 0.0, \\"src\\": 706403}","{\\"pos\\": 1.6, \\"src\\": -1}"}	0	2024-08-22 19:55:34	2024-08-22 19:55:40	142	7745	Time for the unit two.
325	6375-1724355606_852837500.1-call_333.m4a	moco_md_ps	f	7	0	852837500	{"{\\"pos\\": 0.0, \\"src\\": 2513837}"}	0	2024-08-22 19:40:07	2024-08-22 19:40:13	169	6375	He's actually on his way around. He'll take care of it. Thank you.
293	6610-1724355376_851275000.1-call_269.m4a	moco_md_ps	f	4	0	851275000	{"{\\"pos\\": 0.0, \\"src\\": 2514665}","{\\"pos\\": 3.64, \\"src\\": -1}"}	0	2024-08-22 19:36:17	2024-08-22 19:36:23	157	6610	Keep on turning to the touch. Here's where it goes.
378	6475-1724355963_853612500.1-call_449.m4a	moco_md_ps	f	12	0	853612500	{"{\\"pos\\": 0.0, \\"src\\": 2514053}","{\\"pos\\": 1.32, \\"src\\": 205}","{\\"pos\\": 3.12, \\"src\\": 2514053}","{\\"pos\\": 8.96, \\"src\\": 205}"}	0	2024-08-22 19:46:03	2024-08-22 19:46:23	120	6475	691. 691. You advised my CAD crashed. I tried restarting twice. With no success. 1546.
297	6000-1724355391_852912500.1-call_275.m4a	moco_md_ps	f	4	0	852912500	{"{\\"pos\\": 0.0, \\"src\\": 42}"}	0	2024-08-22 19:36:32	2024-08-22 19:36:36	161	6000	I'm going to do a little replay. I'm going to do a little replay.
315	4410-1724355480_851337500.1-call_304.m4a	moco_md_ps	f	3	0	851337500	{"{\\"pos\\": 0.0, \\"src\\": 2500361}","{\\"pos\\": 2.6, \\"src\\": -1}"}	0	2024-08-22 19:38:00	2024-08-22 19:38:18	52	4410	There's someone coming on. Go ahead.
437	6000-1724356506_853612500.1-call_603.m4a	moco_md_ps	f	3	0	853612500	{"{\\"pos\\": 0.0, \\"src\\": 42}"}	0	2024-08-22 19:55:06	2024-08-22 19:55:11	161	6000	All right. All right.
439	6000-1724356513_852912500.1-call_605.m4a	moco_md_ps	f	2	0	852912500	{"{\\"pos\\": 0.0, \\"src\\": 42}"}	0	2024-08-22 19:55:13	2024-08-22 19:55:15	161	6000	1655.
294	6025-1724355355_852912500.1-call_260.m4a	moco_md_ps	f	25	0	852912500	{"{\\"pos\\": 0.0, \\"src\\": 51}","{\\"pos\\": 1.76, \\"src\\": 51}","{\\"pos\\": 23.84, \\"src\\": 2512955}"}	0	2024-08-22 19:35:56	2024-08-22 19:36:27	166	6025	4-4-14, Colonel. 14. If you could respond for a threat that occurred earlier at Adventist Rehab Hospital, 9909 Medical Center Drive. Francis Dwork would like to be seen in room 213, bed 1, regarding another patient who implies threats of bodily harm. No, no weapons involved. Prospects on scene in room 209. He's a black male in his 60s.
379	7695-1724355962_853275000.0-call_447.m4a	moco_md_ps	f	17	0	853275000	{"{\\"pos\\": 0.0, \\"src\\": 705075}","{\\"pos\\": 17.12, \\"src\\": -1}"}	0	2024-08-22 19:46:02	2024-08-22 19:46:26	149	7695	Hello, Central. 5058, make your check. Good afternoon, 5058. I got you loud and clear. Have yourself a safe day. Central.
312	6225-1724355471_852912500.0-call_302.m4a	moco_md_ps	f	6	0	852912500	{"{\\"pos\\": 0.0, \\"src\\": 2514570}"}	0	2024-08-22 19:37:51	2024-08-22 19:37:58	140	6225	ATC Base, this is AOB.
328	6015-1724355617_851650000.0-call_335.m4a	moco_md_ps	f	2	0	851650000	{"{\\"pos\\": 0.0, \\"src\\": 2510897}"}	0	2024-08-22 19:40:18	2024-08-22 19:40:20	164	6015	What are the calls?
440	6010-1724356512_853612500.0-call_604.m4a	moco_md_ps	f	3	0	853612500	{"{\\"pos\\": 0.0, \\"src\\": 43}"}	0	2024-08-22 19:55:13	2024-08-22 19:55:17	163	6010	13R, drive around soon. 1555.
330	6015-1724355623_853362500.0-call_339.m4a	moco_md_ps	f	13	0	853362500	{"{\\"pos\\": 0.0, \\"src\\": 50}"}	0	2024-08-22 19:40:23	2024-08-22 19:40:36	164	6015	First one is for a mom and daughter at the station in reference to a daughter being threatened by another student from her school. And the most recent one is a reference to sexual abuse.
441	6015-1724356517_852912500.1-call_608.m4a	moco_md_ps	f	2	0	852912500	{"{\\"pos\\": 0.0, \\"src\\": 2510362}"}	0	2024-08-22 19:55:18	2024-08-22 19:55:20	164	6015	We're about 23, I'll head his way just in case.
295	6000-1724355384_852887500.0-call_273.m4a	moco_md_ps	f	4	0	852887500	{"{\\"pos\\": 0.0, \\"src\\": 2510382}"}	0	2024-08-22 19:36:25	2024-08-22 19:36:29	161	6000	All right, I'm 403. You can give me the wanted call. I'll take care of it.
380	6020-1724356033_853162500.1-call_462.m4a	moco_md_ps	f	18	0	853162500	{"{\\"pos\\": 0.0, \\"src\\": 45}","{\\"pos\\": 16.44, \\"src\\": 2512174}"}	0	2024-08-22 19:47:15	2024-08-22 19:47:40	165	6020	Go ahead. 2-4-0-0-0 Ridge Road. 2-4-0-0-0 Ridge Road in the area. Province of Collard Rising. There's two vehicles involved. One tow will be needed. A black pickup and a maroon vehicle. Okay.
306	6610-1724355434_852912500.0-call_294.m4a	moco_md_ps	f	3	0	852912500	{"{\\"pos\\": 0.0, \\"src\\": 2514660}"}	0	2024-08-22 19:37:15	2024-08-22 19:37:17	157	6610	We do, and I think it's great.
311	6005-1724355468_852912500.1-call_301.m4a	moco_md_ps	f	4	0	852912500	{"{\\"pos\\": 0.0, \\"src\\": 48}"}	0	2024-08-22 19:37:48	2024-08-22 19:37:54	162	6005	Sam 1. 11. Go ahead.
390	7745-1724356106_852912500.1-call_486.m4a	moco_md_ps	f	2	0	852912500	{"{\\"pos\\": 0.0, \\"src\\": 706403}"}	0	2024-08-22 19:48:27	2024-08-22 19:48:29	142	7745	Sam 3 to Unit 1, come in.
316	4410-1724355505_853162500.0-call_307.m4a	moco_md_ps	f	2	0	853162500	{"{\\"pos\\": 0.0, \\"src\\": 2502591}"}	0	2024-08-22 19:38:25	2024-08-22 19:38:27	52	4410	I'm Carmen Caffey. See you on arrival.
319	6220-1724355563_851337500.0-call_320.m4a	moco_md_ps	f	5	0	851337500	{"{\\"pos\\": 0.0, \\"src\\": 700455}"}	0	2024-08-22 19:39:23	2024-08-22 19:39:31	167	6220	Thank you. Thank you.
391	6020-1724356109_852887500.0-call_488.m4a	moco_md_ps	f	2	0	852887500	{"{\\"pos\\": 0.0, \\"src\\": 45}"}	0	2024-08-22 19:48:29	2024-08-22 19:48:31	165	6020	48010, permission to halt.
323	6015-1724355595_851487500.1-call_329.m4a	moco_md_ps	f	2	0	851487500	{"{\\"pos\\": 0.0, \\"src\\": 50}"}	0	2024-08-22 19:39:55	2024-08-22 19:39:57	164	6015	Working time discretion.
326	6015-1724355599_853162500.0-call_331.m4a	moco_md_ps	f	12	0	853162500	{"{\\"pos\\": 0.0, \\"src\\": 50}"}	0	2024-08-22 19:40:00	2024-08-22 19:40:13	164	6015	We have two station calls pending and there's a unit already at the station for a station call. Do you want me to hold the two for that unit or dispatch another unit?
402	6475-1724356203_852837500.1-call_516.m4a	moco_md_ps	f	4	0	852837500	{"{\\"pos\\": 0.0, \\"src\\": 2514114}"}	0	2024-08-22 19:50:04	2024-08-22 19:50:08	120	6475	My cat is down. Does anyone else have issues?
406	6475-1724356222_853162500.0-call_524.m4a	moco_md_ps	f	6	0	853162500	{"{\\"pos\\": 0.0, \\"src\\": 205}"}	0	2024-08-22 19:50:22	2024-08-22 19:50:30	120	6475	10-6-8-0-9-1-2. Copy. I'll contact Keystone. 1550.
423	4000-1724356426_853275000.0-call_578.m4a	moco_md_ps	f	8	90	853275000	{"{\\"pos\\": 0.0, \\"src\\": 67}"}	6	2024-08-22 19:53:46	2024-08-22 19:53:54	5	4000	Ambulance 725 probably was responding interperson from a fall. PLS, 15,320 Pine Orchard Drive, unit number 1 at Foxtrot.
430	4000-1724356463_852887500.0-call_585.m4a	moco_md_ps	f	11	90	852887500	{"{\\"pos\\": 0.0, \\"src\\": 67}"}	6	2024-08-22 19:54:23	2024-08-22 19:54:34	5	4000	Animal on 726 for receiving sick person BLS. 10-0-8-23, Hampton Mill Terrace. In the red Mazda Ford. 15-54.
444	6015-1724356532_853112500.1-call_616.m4a	moco_md_ps	f	6	0	853112500	{"{\\"pos\\": 0.0, \\"src\\": 2510881}","{\\"pos\\": 5.64, \\"src\\": -1}"}	0	2024-08-22 19:55:33	2024-08-22 19:55:40	164	6015	Lincoln 14, I'm clear. Can you send me the station call at 9-0-4-5? I'm ready.
381	6020-1724356063_851337500.1-call_470.m4a	moco_md_ps	f	1	0	851337500	{"{\\"pos\\": 0.0, \\"src\\": 45}","{\\"pos\\": 1.04, \\"src\\": -1}"}	0	2024-08-22 19:47:44	2024-08-22 19:47:49	165	6020	We'll be right back.
296	6025-1724355395_853362500.1-call_277.m4a	moco_md_ps	f	2	0	853362500	{"{\\"pos\\": 0.0, \\"src\\": 51}"}	0	2024-08-22 19:36:35	2024-08-22 19:36:36	166	6025	1536.
387	6020-1724356094_851337500.1-call_482.m4a	moco_md_ps	f	2	0	851337500	{"{\\"pos\\": 0.0, \\"src\\": 45}"}	0	2024-08-22 19:48:14	2024-08-22 19:48:17	165	6020	Good morning, is there any time permission to hold?
298	6610-1724355383_852837500.0-call_272.m4a	moco_md_ps	f	10	0	852837500	{"{\\"pos\\": 0.0, \\"src\\": 2514668}","{\\"pos\\": 7.16, \\"src\\": 2514665}"}	0	2024-08-22 19:36:24	2024-08-22 19:36:35	157	6610	Show me out of building 235 mini-lobby, 1044 granted. Calvin. 1536.
299	6005-1724355391_852887500.0-call_276.m4a	moco_md_ps	f	2	0	852887500	{"{\\"pos\\": 0.0, \\"src\\": 48}","{\\"pos\\": 2.04, \\"src\\": -1}"}	0	2024-08-22 19:36:32	2024-08-22 19:36:39	162	6005	I report. Good.
300	7700-1724355386_852887500.1-call_274.m4a	moco_md_ps	f	8	0	852887500	{"{\\"pos\\": 0.0, \\"src\\": 303}","{\\"pos\\": 1.76, \\"src\\": 303}"}	0	2024-08-22 19:36:26	2024-08-22 19:36:37	144	7700	Central, I'm over 4. Over 4. Okay, I didn't know you were here today. Okay, I got you. 10-4.
301	6005-1724355397_853362500.0-call_278.m4a	moco_md_ps	f	7	0	853362500	{"{\\"pos\\": 0.0, \\"src\\": 48}","{\\"pos\\": 7.4, \\"src\\": -1}"}	0	2024-08-22 19:36:37	2024-08-22 19:36:47	162	6005	You can go ahead and clear me from the suspicious and hold me on seeing the PDC on Cree Tree. Direct.
388	7750-1724356091_853162500.1-call_481.m4a	moco_md_ps	f	6	0	853162500	{"{\\"pos\\": 0.0, \\"src\\": 706414}","{\\"pos\\": 5.72, \\"src\\": -1}"}	0	2024-08-22 19:48:12	2024-08-22 19:48:20	\N	7750	Go for unit one. He doesn't have his radio.
302	7700-1724355405_853162500.0-call_282.m4a	moco_md_ps	f	6	0	853162500	{"{\\"pos\\": 0.0, \\"src\\": 303}","{\\"pos\\": 4.04, \\"src\\": 705509}"}	0	2024-08-22 19:36:46	2024-08-22 19:36:54	144	7700	Omid, uh, do me a favor. You're gonna head over to, uh, Zone 3. Okay.
303	6010-1724355414_851337500.1-call_285.m4a	moco_md_ps	f	9	0	851337500	{"{\\"pos\\": 0.0, \\"src\\": 2513303}","{\\"pos\\": 2.32, \\"src\\": 43}","{\\"pos\\": 3.64, \\"src\\": 2513303}","{\\"pos\\": 8.48, \\"src\\": -1}"}	0	2024-08-22 19:36:55	2024-08-22 19:37:10	163	6010	4 out of 14 clearance. 4 out of 14, go ahead. 29-84-1, and then you can put me on that stolen.
396	7745-1724356139_851650000.1-call_499.m4a	moco_md_ps	f	11	0	851650000	{"{\\"pos\\": 0.0, \\"src\\": 706403}"}	0	2024-08-22 19:48:59	2024-08-22 19:49:13	142	7745	I'm sure anybody upstairs at the unit 1k time to come downstairs. I'm bring the top open a c-max so we can get the jumper boxes Yes, sir. He's a wrap. I'm careful
304	7700-1724355429_851275000.1-call_289.m4a	moco_md_ps	f	3	0	851275000	{"{\\"pos\\": 0.0, \\"src\\": 303}"}	0	2024-08-22 19:37:10	2024-08-22 19:37:12	144	7700	Amita, do me a favor, what was your car number again?
305	6010-1724355431_852837500.0-call_292.m4a	moco_md_ps	f	1	0	852837500	{"{\\"pos\\": 0.0, \\"src\\": 43}"}	0	2024-08-22 19:37:12	2024-08-22 19:37:13	163	6010	1537.
397	6005-1724356149_853612500.0-call_502.m4a	moco_md_ps	f	6	0	853612500	{"{\\"pos\\": 0.0, \\"src\\": 48}"}	0	2024-08-22 19:49:09	2024-08-22 19:49:17	162	6005	For Delta 11, permission to continue holding. Yeah, you can go. Thank you. 1549.
307	7700-1724355435_852837500.0-call_295.m4a	moco_md_ps	f	4	0	852837500	{"{\\"pos\\": 0.0, \\"src\\": 303}"}	0	2024-08-22 19:37:15	2024-08-22 19:37:20	144	7700	CRB 1224 1224, thank you
308	6020-1724355440_853162500.0-call_296.m4a	moco_md_ps	f	5	0	853162500	{"{\\"pos\\": 0.0, \\"src\\": 46}"}	0	2024-08-22 19:37:21	2024-08-22 19:37:27	165	6020	423, you can send me that accident on Woodfield and I'll take care of it. Copy.
405	6475-1724356218_853112500.1-call_523.m4a	moco_md_ps	f	2	0	853112500	{"{\\"pos\\": 0.0, \\"src\\": 2514079}"}	0	2024-08-22 19:50:18	2024-08-22 19:50:20	120	6475	All right.
310	6610-1724355440_853162500.1-call_297.m4a	moco_md_ps	f	6	0	853162500	{"{\\"pos\\": 0.0, \\"src\\": 2514665}","{\\"pos\\": 6.24, \\"src\\": -1}"}	0	2024-08-22 19:37:21	2024-08-22 19:37:32	157	6610	Hey, Sveshko. Building 223 of Japan City. Copy. 1637.
313	6225-1724355481_853612500.1-call_305.m4a	moco_md_ps	f	4	0	853612500	{"{\\"pos\\": 0.0, \\"src\\": 2514703}"}	0	2024-08-22 19:38:02	2024-08-22 19:38:06	140	6225	Thank you, sir. 1536.
414	4005-1724356315_853275000.0-call_543.m4a	moco_md_ps	f	26	270	853275000	{"{\\"pos\\": 0.0, \\"src\\": 66}","{\\"pos\\": 0.9, \\"src\\": 66}","{\\"pos\\": 11.16, \\"src\\": 66}","{\\"pos\\": 12.24, \\"src\\": 66}"}	18	2024-08-22 19:51:55	2024-08-22 19:52:28	6	4005	15,944 Chieftain Avenue, Cross Street, Yellowstone Way, Pediatric Trouble Breathing, AOS 1, AOS 703, Medic 732, Response 7, Alpha 1, Box Area 3-5. 15,320 Pine Orchard Drive, Unit Number 1 at Foxtrot, Cross Street, North Elisa Road Boulevard, Interperson from a Fall, BOS Ambulance 725, Bravo, Response 7, Alpha 1, Box Area 25-9. 15-52.
318	6800-1724355564_853162500.1-call_321.m4a	moco_md_ps	f	4	0	853162500	{"{\\"pos\\": 0.0, \\"src\\": 700203}"}	0	2024-08-22 19:39:25	2024-08-22 19:39:28	181	6800	10-4102-1640.
320	6005-1724355577_853362500.0-call_323.m4a	moco_md_ps	f	3	0	853362500	{"{\\"pos\\": 0.0, \\"src\\": 48}"}	0	2024-08-22 19:39:38	2024-08-22 19:39:42	162	6005	4-0-22-1-2. Sir.
321	6375-1724355586_851650000.0-call_326.m4a	moco_md_ps	f	2	0	851650000	{"{\\"pos\\": 0.0, \\"src\\": 211}"}	0	2024-08-22 19:39:46	2024-08-22 19:39:48	169	6375	2-3-3.
427	6475-1724356451_853112500.0-call_583.m4a	moco_md_ps	f	6	0	853112500	{"{\\"pos\\": 0.0, \\"src\\": 205}"}	0	2024-08-22 19:54:12	2024-08-22 19:54:19	120	6475	My cab is back up. Copy.
327	6375-1724355616_851650000.1-call_334.m4a	moco_md_ps	f	1	0	851650000	{"{\\"pos\\": 0.0, \\"src\\": 211}"}	0	2024-08-22 19:40:16	2024-08-22 19:40:17	169	6375	Copy that, 15-4.
329	6005-1724355624_851650000.0-call_340.m4a	moco_md_ps	f	6	0	851650000	{"{\\"pos\\": 0.0, \\"src\\": 2510558}"}	0	2024-08-22 19:40:26	2024-08-22 19:40:36	162	6005	We're down to 11. Yeah, I'm not getting anything back for that sound X. All right.
314	6005-1724355475_851337500.0-call_303.m4a	moco_md_ps	f	17	0	851337500	{"{\\"pos\\": 0.0, \\"src\\": 48}"}	0	2024-08-22 19:37:56	2024-08-22 19:38:16	162	6005	Yeah, can you run a sound act related to that suicidal subject over on East West Highway? See if we can come up with a partner number. Let me know when you're ready. Go ahead. We'll be through Maryland, Frank, 555-433-394-450. All right.
331	6015-1724355640_851337500.0-call_345.m4a	moco_md_ps	f	6	0	851337500	{"{\\"pos\\": 0.0, \\"src\\": 2510897}"}	0	2024-08-22 19:40:40	2024-08-22 19:40:47	164	6015	All right, yeah, send another one to the station.
332	6015-1724355651_853162500.0-call_348.m4a	moco_md_ps	f	1	0	853162500	{"{\\"pos\\": 0.0, \\"src\\": 50}","{\\"pos\\": 1.08, \\"src\\": -1}"}	0	2024-08-22 19:40:51	2024-08-22 19:40:53	164	6015	We're looking at 13.
333	6005-1724355646_851650000.0-call_346.m4a	moco_md_ps	f	5	0	851650000	{"{\\"pos\\": 0.0, \\"src\\": 2512786}"}	0	2024-08-22 19:40:47	2024-08-22 19:40:51	162	6005	If there's a resident here by that name.
334	6015-1724355654_851650000.0-call_352.m4a	moco_md_ps	f	3	0	851650000	{"{\\"pos\\": 0.0, \\"src\\": 2510796}"}	0	2024-08-22 19:40:54	2024-08-22 19:40:58	164	6015	Thank you.
335	6025-1724355655_853362500.1-call_353.m4a	moco_md_ps	f	2	0	853362500	{"{\\"pos\\": 0.0, \\"src\\": 2512955}","{\\"pos\\": 2.12, \\"src\\": -1}"}	0	2024-08-22 19:40:57	2024-08-22 19:41:00	166	6025	14 on red.
336	6025-1724355661_852912500.0-call_356.m4a	moco_md_ps	f	3	0	852912500	{"{\\"pos\\": 0.0, \\"src\\": 51}","{\\"pos\\": 3.04, \\"src\\": -1}"}	0	2024-08-22 19:41:02	2024-08-22 19:41:06	166	6025	14 direct, thank you. 14, I'm sorry, 1541.
337	4385-1724355658_852912500.1-call_354.m4a	moco_md_ps	f	5	0	852912500	{"{\\"pos\\": 0.0, \\"src\\": 501}","{\\"pos\\": 5.04, \\"src\\": -1}"}	0	2024-08-22 19:40:59	2024-08-22 19:41:06	47	4385	ERROR: TRANSCRIPTION_TIMEOUT
338	6015-1724355663_851337500.1-call_358.m4a	moco_md_ps	f	4	0	851337500	{"{\\"pos\\": 0.0, \\"src\\": 50}"}	0	2024-08-22 19:41:03	2024-08-22 19:41:08	164	6015	Copy. I'll put you on the threats by another student first.
339	6015-1724355684_851487500.0-call_368.m4a	moco_md_ps	f	2	0	851487500	{"{\\"pos\\": 0.0, \\"src\\": 50}"}	0	2024-08-22 19:41:24	2024-08-22 19:41:26	164	6015	We're paying $24 for a call.
340	6005-1724355685_852837500.0-call_370.m4a	moco_md_ps	f	2	0	852837500	{"{\\"pos\\": 0.0, \\"src\\": 2510066}"}	0	2024-08-22 19:41:26	2024-08-22 19:41:28	162	6005	Edward 4th Hotel.
341	6005-1724355694_852912500.1-call_372.m4a	moco_md_ps	f	4	0	852912500	{"{\\"pos\\": 0.0, \\"src\\": 48}"}	0	2024-08-22 19:41:34	2024-08-22 19:41:38	162	6005	I'll refer to you in just one moment. 4 Delta 23.
342	6015-1724355689_851337500.1-call_371.m4a	moco_md_ps	f	17	0	851337500	{"{\\"pos\\": 0.0, \\"src\\": 2510116}","{\\"pos\\": 0.96, \\"src\\": 50}"}	0	2024-08-22 19:41:30	2024-08-22 19:41:51	164	6015	For a attempted vehicle theft, just occurred. 4101 Averitt Street. Caller Stephanie Vasquez. The subject tried to take the vehicle approximately five minutes ago. Said they had knives. No look at it.
343	4000-1724355706_853887500.0-call_376.m4a	moco_md_ps	f	7	90	853887500	{"{\\"pos\\": 0.0, \\"src\\": 2522411}","{\\"pos\\": 3.96, \\"src\\": 67}"}	6	2024-08-22 19:41:47	2024-08-22 19:41:55	5	4000	Fire Wing SG-841, I'm going to refer you to supplement. You can hold me ready. In service, 1541.
344	6005-1724355700_853162500.0-call_374.m4a	moco_md_ps	f	12	0	853162500	{"{\\"pos\\": 0.0, \\"src\\": 48}","{\\"pos\\": 12.4, \\"src\\": -1}"}	0	2024-08-22 19:41:41	2024-08-22 19:41:56	162	6005	What about the 22 guys? I don't know if this helps you at all, but I just ran the subject with name and date of birth, and the address that's listed through meters is 3520 Anderson Road in Kensington.
345	4385-1724355733_851487500.0-call_386.m4a	moco_md_ps	f	6	0	851487500	{"{\\"pos\\": 0.0, \\"src\\": 2501098}"}	0	2024-08-22 19:42:14	2024-08-22 19:42:19	47	4385	Montgomery County Medics, 723 EMRC, unit consult with Shady River Venice, please.
346	4005-1724355729_853887500.0-call_384.m4a	moco_md_ps	f	9	135	853887500	{"{\\"pos\\": 0.0, \\"src\\": 66}","{\\"pos\\": 0.9, \\"src\\": 66}"}	9	2024-08-22 19:42:10	2024-08-22 19:42:21	6	4005	106 South Adams Street, Cross Street, West Jefferson Street, St. Croson, BOS, Hamilton 703, response 701, Box Area 321, 1542.
347	4385-1724355743_852912500.1-call_388.m4a	moco_md_ps	f	3	0	852912500	{"{\\"pos\\": 0.0, \\"src\\": 2501098}"}	0	2024-08-22 19:42:24	2024-08-22 19:42:28	47	4385	Thank you. Thank you.
348	6005-1724355726_852887500.0-call_382.m4a	moco_md_ps	f	18	0	852887500	{"{\\"pos\\": 0.0, \\"src\\": 48}","{\\"pos\\": 2.36, \\"src\\": 48}"}	0	2024-08-22 19:42:06	2024-08-22 19:42:30	162	6005	I'm direct. Amber 4, go ahead with your tow. Okay, it's going to be on a white Mercedes GLS SUV, Florida tag, King, Queen, David, Zebra, 1-2. It's going to have heavy front end damage, so whatever the tow truck thinks is appropriate. Correct.
349	6015-1724355747_851487500.0-call_389.m4a	moco_md_ps	f	4	5	851487500	{"{\\"pos\\": 0.0, \\"src\\": 2510386}"}	0	2024-08-22 19:42:28	2024-08-22 19:42:35	164	6015	Yes, this is King 24. King 14. 23, I'm ready.
350	4390-1724355761_851487500.0-call_392.m4a	moco_md_ps	f	5	0	851487500	{"{\\"pos\\": 0.0, \\"src\\": 502}"}	0	2024-08-22 19:42:42	2024-08-22 19:42:48	48	4390	Shady Rivers Online.
351	6800-1724355768_851487500.1-call_393.m4a	moco_md_ps	f	2	0	851487500	{"{\\"pos\\": 0.0, \\"src\\": 2539055}"}	0	2024-08-22 19:42:48	2024-08-22 19:42:50	181	6800	ERROR: TRANSCRIPTION_TIMEOUT
352	6800-1724355772_851650000.0-call_396.m4a	moco_md_ps	f	2	0	851650000	{"{\\"pos\\": 0.0, \\"src\\": 2539055}"}	0	2024-08-22 19:42:52	2024-08-22 19:42:55	181	6800	One, two, follow me, clear.
353	6800-1724355777_853162500.1-call_397.m4a	moco_md_ps	f	4	0	853162500	{"{\\"pos\\": 0.0, \\"src\\": 700203}"}	0	2024-08-22 19:42:58	2024-08-22 19:43:02	181	6800	10-4106 at 1542.
354	6015-1724355714_853275000.0-call_379.m4a	moco_md_ps	f	7	0	853275000	{"{\\"pos\\": 0.0, \\"src\\": 2510897}","{\\"pos\\": 5.48, \\"src\\": 50}"}	0	2024-08-22 19:41:54	2024-08-22 19:42:04	164	6015	Are they trying to take it from her? Or was she watching them?
382	6005-1724356073_851275000.0-call_473.m4a	moco_md_ps	f	4	0	851275000	{"{\\"pos\\": 0.0, \\"src\\": 2512786}"}	0	2024-08-22 19:47:53	2024-08-22 19:47:57	162	6005	Food on the 22, if anyone's coming prior to you, you can slow it down.
355	6005-1724355717_853362500.1-call_381.m4a	moco_md_ps	f	7	0	853362500	{"{\\"pos\\": 0.0, \\"src\\": 2512786}","{\\"pos\\": 6.92, \\"src\\": -1}"}	0	2024-08-22 19:41:57	2024-08-22 19:42:06	162	6005	I'm Director for this receptionist has a resident here by that name in apartment time 111.
362	4390-1724355816_853162500.1-call_409.m4a	moco_md_ps	f	11	0	853162500	{"{\\"pos\\": 0.0, \\"src\\": 502}"}	0	2024-08-22 19:43:36	2024-08-22 19:43:48	48	4390	So, you have a change in mental status today that you arrived to the dialysis center with, is that correct?
409	6000-1724356274_853362500.0-call_532.m4a	moco_md_ps	f	16	0	853362500	{"{\\"pos\\": 0.0, \\"src\\": 2510382}"}	0	2024-08-22 19:51:14	2024-08-22 19:51:31	161	6000	543. Maryland. Last name Mary Ida Charlie King Lincoln Edward. First name Charles. Common spelling. Middle name Edward. Common spelling. Date of birth 8-26-66. Black male.
415	6020-1724356346_853162500.1-call_549.m4a	moco_md_ps	f	2	0	853162500	{"{\\"pos\\": 0.0, \\"src\\": 2511029}"}	0	2024-08-22 19:52:27	2024-08-22 19:52:29	165	6020	Yeah, I'm good here.
417	6020-1724356362_853112500.0-call_554.m4a	moco_md_ps	f	8	0	853112500	{"{\\"pos\\": 0.0, \\"src\\": 45}"}	0	2024-08-22 19:52:42	2024-08-22 19:52:53	165	6020	This one is at 12 and 10-8.
420	4000-1724356406_853612500.0-call_570.m4a	moco_md_ps	f	6	45	853612500	{"{\\"pos\\": 0.0, \\"src\\": 67}"}	3	2024-08-22 19:53:26	2024-08-22 19:53:32	5	4000	ALS 703, medic 732 is responding, trouble breathing, ALS 1. 15,944, chief saying out.
445	4000-1724356523_852887500.0-call_611.m4a	moco_md_ps	f	23	90	852887500	{"{\\"pos\\": 0.0, \\"src\\": 2500543}","{\\"pos\\": 11.88, \\"src\\": 67}","{\\"pos\\": 15.3, \\"src\\": 2500543}","{\\"pos\\": 20.7, \\"src\\": 67}"}	6	2024-08-22 19:55:23	2024-08-22 19:55:50	5	4000	AML 705 to Montgomery, we've searched the location and have not found anyone matched in the description and have not been flagged down by anyone. If you don't have anything further, we'll be going back in service. OK, AML 705, no further information. Alright, we'll do one more lap on our way out and if nothing's found, we're going back in service. OK, AML 705, 1555.
446	4405-1724356531_853275000.1-call_615.m4a	moco_md_ps	f	4	0	853275000	{"{\\"pos\\": 0.0, \\"src\\": 2502780}","{\\"pos\\": 1.88, \\"src\\": 2500649}","{\\"pos\\": 3.56, \\"src\\": -1}"}	0	2024-08-22 19:55:32	2024-08-22 19:55:56	51	4405	I'm sorry, Doc. I'm sorry.
356	6015-1724355791_853162500.1-call_398.m4a	moco_md_ps	f	10	0	853162500	{"{\\"pos\\": 0.0, \\"src\\": 50}"}	0	2024-08-22 19:43:11	2024-08-22 19:43:21	164	6015	He's been out to Haverford. Caller did not watch them. Says her father saw them trying to break in and advise they are drug addicts. That was everything on video.
383	7745-1724356075_853362500.1-call_475.m4a	moco_md_ps	f	2	0	853362500	{"{\\"pos\\": 0.0, \\"src\\": 706403}"}	0	2024-08-22 19:47:56	2024-08-22 19:47:57	142	7745	Trans 3 to Unit 1.
363	4390-1724355830_851650000.1-call_411.m4a	moco_md_ps	f	10	0	851650000	{"{\\"pos\\": 0.0, \\"src\\": 2501098}"}	0	2024-08-22 19:43:51	2024-08-22 19:44:02	48	4390	And is the patient still altered? Is he able to tell you where their last known wells are? He is unable to communicate with me.
364	4390-1724355846_852887500.0-call_413.m4a	moco_md_ps	f	5	0	852887500	{"{\\"pos\\": 0.0, \\"src\\": 502}"}	0	2024-08-22 19:44:07	2024-08-22 19:44:12	48	4390	You want to give me a GCR?
395	6020-1724356138_851337500.0-call_497.m4a	moco_md_ps	f	2	0	851337500	{"{\\"pos\\": 0.0, \\"src\\": 45}"}	0	2024-08-22 19:48:59	2024-08-22 19:49:00	165	6020	That's fine. Thank you, sir.
411	6020-1724356293_851650000.1-call_535.m4a	moco_md_ps	f	3	0	851650000	{"{\\"pos\\": 0.0, \\"src\\": 45}","{\\"pos\\": 3.16, \\"src\\": -1}"}	0	2024-08-22 19:51:33	2024-08-22 19:51:40	165	6020	4NASA 32.
413	6020-1724356324_851275000.1-call_547.m4a	moco_md_ps	f	18	0	851275000	{"{\\"pos\\": 0.0, \\"src\\": 45}","{\\"pos\\": 18.4, \\"src\\": -1}"}	0	2024-08-22 19:52:04	2024-08-22 19:52:25	165	6020	Thank you. For Cherry Bend's court, it's going to be a male calling in, sizing up between himself and a neighbor who was dumping trash in front of the house, wearing weapons. Hispanic male, 40s to 50s, wearing a gray t-shirt and gray shorts and 20 to 12 on dress at 15 to 15.
422	4005-1724356408_852887500.0-call_572.m4a	moco_md_ps	f	13	45	852887500	{"{\\"pos\\": 0.0, \\"src\\": 66}","{\\"pos\\": 0.9, \\"src\\": 66}"}	3	2024-08-22 19:53:29	2024-08-22 19:53:44	6	4005	10-0-8-23, Hampton, Vail Terrace, Unit 100, Cross Street, Inman Park, Circle, 6th Person, BOS, Routine Response, M-1-7-26, Proceed 7-0-1, Box Area 26-6, 15-5-8-3.
425	6000-1724356420_852837500.0-call_574.m4a	moco_md_ps	f	24	0	852837500	{"{\\"pos\\": 0.0, \\"src\\": 42}"}	0	2024-08-22 19:53:40	2024-08-22 19:54:05	161	6000	And for item 10, this call actually just came in, but it's a neglect call for 9800 Treville Commons Drive, 9800 Treville Commons Drive, apartment 302. Natalie with the leasing office is advising there was a five-year-old alone in the apartment, and they heard the child crying, saying there was no adult around. Then we got another caller saying the mom just returned, and they want to speak with police.
426	6000-1724356447_851650000.0-call_581.m4a	moco_md_ps	f	6	0	851650000	{"{\\"pos\\": 0.0, \\"src\\": 42}"}	0	2024-08-22 19:54:07	2024-08-22 19:54:15	161	6000	You can send that to me in our voice. All right. Thank you, 54.
428	6000-1724356462_851337500.1-call_584.m4a	moco_md_ps	f	3	0	851337500	{"{\\"pos\\": 0.0, \\"src\\": 2511066}"}	0	2024-08-22 19:54:23	2024-08-22 19:54:26	161	6000	Okay, good job. I can take that if you want to do it. Goodbye.
429	6610-1724356470_851337500.1-call_589.m4a	moco_md_ps	f	1	0	851337500	{"{\\"pos\\": 0.0, \\"src\\": 2514650}"}	0	2024-08-22 19:54:30	2024-08-22 19:54:31	157	6610	My pleasure.
357	6015-1724355803_852887500.1-call_400.m4a	moco_md_ps	f	3	0	852887500	{"{\\"pos\\": 0.0, \\"src\\": 2510897}","{\\"pos\\": 3.12, \\"src\\": -1}"}	0	2024-08-22 19:43:24	2024-08-22 19:43:28	164	6015	Hurricane 10, I'm direct on that. Thank you.
384	7750-1724356082_851275000.0-call_477.m4a	moco_md_ps	f	1	0	851275000	{"{\\"pos\\": 0.0, \\"src\\": 706414}"}	0	2024-08-22 19:48:02	2024-08-22 19:48:04	\N	7750	All you want.
365	4390-1724355855_853275000.0-call_417.m4a	moco_md_ps	f	6	0	853275000	{"{\\"pos\\": 0.0, \\"src\\": 2501098}"}	0	2024-08-22 19:44:16	2024-08-22 19:44:22	48	4390	We'll give him a 13. He's responding just not properly.
392	7750-1724356110_852912500.0-call_489.m4a	moco_md_ps	f	6	0	852912500	{"{\\"pos\\": 0.0, \\"src\\": 706414}"}	0	2024-08-22 19:48:30	2024-08-22 19:48:37	\N	7750	Sam free he doesn't have his radio
398	7690-1724356130_851337500.1-call_495.m4a	moco_md_ps	f	30	0	851337500	{"{\\"pos\\": 0.0, \\"src\\": 303}"}	0	2024-08-22 19:48:50	2024-08-22 19:49:21	145	7690	Hello, I'm on bus 4050, and my employee ID is 3380, and I'm doing run 381. If y'all can log me in. It wasn't working. And another thing is I was talking to my supervisor, and my run already basically started, so I don't know if I should just start and head to the next run. All right.
421	6000-1724356400_851275000.1-call_569.m4a	moco_md_ps	f	13	0	851275000	{"{\\"pos\\": 0.0, \\"src\\": 42}","{\\"pos\\": 10.56, \\"src\\": 42}"}	0	2024-08-22 19:53:20	2024-08-22 19:53:38	161	6000	Go ahead. I'm trying to find the answer in about one moment. I'm showing he's 10-60 for assault, and he has cautions for approach with caution, drug use, or cell or resist arrest. Can you confirm that for me? Sure.
358	4390-1724355769_853162500.0-call_395.m4a	moco_md_ps	f	38	0	853162500	{"{\\"pos\\": 0.0, \\"src\\": 2501098}"}	0	2024-08-22 19:42:50	2024-08-22 19:43:27	48	4390	He's on 4 liters of oxygen. He's back up to 100%. 143 over 115 and a pulse of 97 in regular. We're talking about a 10 to 15 minute ETA.
385	6005-1724356082_853362500.1-call_476.m4a	moco_md_ps	f	5	0	853362500	{"{\\"pos\\": 0.0, \\"src\\": 48}"}	0	2024-08-22 19:48:02	2024-08-22 19:48:07	162	6005	Anyone still on route priority to East West Highway can slow it down to 1548.
410	6000-1724356293_853112500.1-call_536.m4a	moco_md_ps	f	2	0	853112500	{"{\\"pos\\": 0.0, \\"src\\": 42}"}	0	2024-08-22 19:51:34	2024-08-22 19:51:36	161	6000	Copy.
412	6020-1724356303_852837500.1-call_539.m4a	moco_md_ps	f	4	0	852837500	{"{\\"pos\\": 0.0, \\"src\\": 2513349}"}	0	2024-08-22 19:51:43	2024-08-22 19:51:48	165	6020	20-0-E-2? Yeah, I'm seeing the four chairmen in court.
431	6610-1724356473_853162500.0-call_592.m4a	moco_md_ps	f	1	0	853162500	{"{\\"pos\\": 0.0, \\"src\\": 2514665}"}	0	2024-08-22 19:54:33	2024-08-22 19:54:35	157	6610	Thanks for having me.
371	4000-1724355921_851650000.0-call_434.m4a	moco_md_ps	f	3	0	851650000	{"{\\"pos\\": 0.0, \\"src\\": 67}"}	0	2024-08-22 19:45:22	2024-08-22 19:45:25	5	4000	ERROR: TRANSCRIPTION_TIMEOUT
359	6595-1724355809_851650000.1-call_405.m4a	moco_md_ps	f	4	0	851650000	{"{\\"pos\\": 0.0, \\"src\\": 2127073}"}	0	2024-08-22 19:43:29	2024-08-22 19:43:36	1	6595	18R, when you can. Yeah, station over.
386	6020-1724356073_851275000.1-call_474.m4a	moco_md_ps	f	10	0	851275000	{"{\\"pos\\": 0.0, \\"src\\": 2513263}"}	0	2024-08-22 19:47:54	2024-08-22 19:48:06	165	6020	530, I can back up if you need someone. I have one at the tent here, if you could let me out. Thank you, though. 30 for indirect.
389	7600-1724356102_852887500.0-call_485.m4a	moco_md_ps	f	2	0	852887500	{"{\\"pos\\": 0.0, \\"src\\": 2500872}"}	0	2024-08-22 19:48:23	2024-08-22 19:48:25	129	7600	Thanks.
394	6020-1724356134_853162500.0-call_496.m4a	moco_md_ps	f	2	0	853162500	{"{\\"pos\\": 0.0, \\"src\\": 2513036}","{\\"pos\\": 1.76, \\"src\\": -1}"}	0	2024-08-22 19:48:55	2024-08-22 19:48:58	165	6020	Thanks, man. You do come.
408	6000-1724356269_851650000.1-call_530.m4a	moco_md_ps	f	2	0	851650000	{"{\\"pos\\": 0.0, \\"src\\": 2510382}"}	0	2024-08-22 19:51:09	2024-08-22 19:51:12	161	6000	Squadron 43L, check.
416	6020-1724356357_852887500.0-call_552.m4a	moco_md_ps	f	2	0	852887500	{"{\\"pos\\": 0.0, \\"src\\": 45}"}	0	2024-08-22 19:52:37	2024-08-22 19:52:39	165	6020	20-12-0-2, Mr. President.
360	6015-1724355809_853162500.0-call_404.m4a	moco_md_ps	f	9	0	853162500	{"{\\"pos\\": 0.0, \\"src\\": 50}"}	0	2024-08-22 19:43:30	2024-08-22 19:43:38	164	6015	And look out for Hispanic Mounted 20s, and Hispanic Mounted 40s, Side 3, and Blue Backpack 1543.
393	6020-1724356117_853612500.0-call_492.m4a	moco_md_ps	f	5	0	853612500	{"{\\"pos\\": 0.0, \\"src\\": 45}"}	0	2024-08-22 19:48:37	2024-08-22 19:48:43	165	6020	Thank you. 1548.
367	6005-1724355876_853612500.0-call_424.m4a	moco_md_ps	f	6	0	853612500	{"{\\"pos\\": 0.0, \\"src\\": 2511370}"}	0	2024-08-22 19:44:36	2024-08-22 19:44:42	162	6005	Delta 42, sorry, for Delta 42, I'm about to pull up in a minute.
368	4390-1724355871_853162500.1-call_421.m4a	moco_md_ps	f	12	0	853162500	{"{\\"pos\\": 0.0, \\"src\\": 502}","{\\"pos\\": 3.76, \\"src\\": 2501098}","{\\"pos\\": 6.28, \\"src\\": 502}","{\\"pos\\": 10.04, \\"src\\": 2501098}"}	0	2024-08-22 19:44:31	2024-08-22 19:44:51	48	4390	Did you have any blood sugar? Blood sugar was 125. And what is your EPA? It'll be 10 to 15 minutes.
399	7745-1724356156_853612500.1-call_504.m4a	moco_md_ps	f	7	0	853612500	{"{\\"pos\\": 0.0, \\"src\\": 706403}"}	0	2024-08-22 19:49:17	2024-08-22 19:49:26	142	7745	I'm already on my way.
370	6005-1724355895_853162500.1-call_428.m4a	moco_md_ps	f	10	0	853162500	{"{\\"pos\\": 0.0, \\"src\\": 48}"}	0	2024-08-22 19:44:56	2024-08-22 19:45:08	162	6005	2-13. Right. Subject has been returned to his parents. You can clear everyone 29-91-1. Direct.
407	7690-1724356209_853612500.0-call_519.m4a	moco_md_ps	f	40	0	853612500	{"{\\"pos\\": 0.0, \\"src\\": 303}"}	0	2024-08-22 19:50:09	2024-08-22 19:50:51	145	7690	Miss, can you hear me? I don't know if you heard everything I said. Yeah, I heard some of it. Just tell you what, why is the reason you're late for the run? I was talking to my supervisor, and that kind of like caught up to my first run, which is Route 66. So I don't know if I should just head and just do the Route 67 or just do the first Route 66, even though I'm going to be extremely late. I tell you what, 40, 50, just do me a favor. To Shady Grove West and pull out your 67 at 425, 10-4. 10-4, gotcha. And can you log me in too? Yep, I got you.
418	6005-1724356383_851275000.1-call_561.m4a	moco_md_ps	f	5	0	851275000	{"{\\"pos\\": 0.0, \\"src\\": 48}"}	0	2024-08-22 19:53:04	2024-08-22 19:53:11	162	6005	4,023 euros welfare. 4,023. 1553.
419	6000-1724356391_853162500.1-call_567.m4a	moco_md_ps	f	5	0	853162500	{"{\\"pos\\": 0.0, \\"src\\": 42}"}	0	2024-08-22 19:53:11	2024-08-22 19:53:17	161	6000	Send me whatever's been holding the longest.
424	7745-1724356436_853362500.0-call_580.m4a	moco_md_ps	f	3	0	853362500	{"{\\"pos\\": 0.0, \\"src\\": 706403}"}	0	2024-08-22 19:53:57	2024-08-22 19:54:00	142	7745	ERROR: TRANSCRIPTION_TIMEOUT
361	6010-1724355804_851275000.1-call_402.m4a	moco_md_ps	f	14	0	851275000	{"{\\"pos\\": 0.0, \\"src\\": 2512749}","{\\"pos\\": 1.8, \\"src\\": 43}"}	0	2024-08-22 19:43:25	2024-08-22 19:43:47	163	6010	It's for George 10. For George 10. Out of curiosity, did anybody ask you to verify the 10-16 on this vehicle? Negative. Would you like me to run for it? Can we go ahead and confirm that, please? Okay. 15-43.
400	4420-1724356143_851337500.0-call_500.m4a	moco_md_ps	f	6	0	851337500	{"{\\"pos\\": 0.0, \\"src\\": 2502593}","{\\"pos\\": 2.4, \\"src\\": 2500178}","{\\"pos\\": 4.72, \\"src\\": 2502593}"}	0	2024-08-22 19:49:04	2024-08-22 19:49:32	54	4420	Shady Grove is online. How old is the patient? Shady Grove copies.
401	6475-1724356195_853112500.1-call_514.m4a	moco_md_ps	f	4	0	853112500	{"{\\"pos\\": 0.0, \\"src\\": 205}"}	0	2024-08-22 19:49:56	2024-08-22 19:50:01	120	6475	6-3-10 6-3-10
432	6000-1724356472_851337500.0-call_590.m4a	moco_md_ps	f	5	0	851337500	{"{\\"pos\\": 0.0, \\"src\\": 42}"}	0	2024-08-22 19:54:32	2024-08-22 19:54:38	161	6000	That's fine, you can send me one another call soon.
366	6005-1724355868_853275000.1-call_420.m4a	moco_md_ps	f	5	0	853275000	{"{\\"pos\\": 0.0, \\"src\\": 2512786}"}	0	2024-08-22 19:44:29	2024-08-22 19:44:33	162	6005	What else are trying to do? What's the next unit GTA so we can go knock on the door?
403	6475-1724356209_853112500.1-call_520.m4a	moco_md_ps	f	2	0	853112500	{"{\\"pos\\": 0.0, \\"src\\": 2514102}"}	0	2024-08-22 19:50:10	2024-08-22 19:50:12	120	6475	Six figure one.
404	6595-1724356210_853162500.0-call_521.m4a	moco_md_ps	f	4	0	853162500	{"{\\"pos\\": 0.0, \\"src\\": 2127073}"}	0	2024-08-22 19:50:11	2024-08-22 19:50:16	1	6595	Thank you, Russell. Thank you.
372	6005-1724355930_853612500.0-call_436.m4a	moco_md_ps	f	1	0	853612500	{"{\\"pos\\": 0.0, \\"src\\": 48}"}	0	2024-08-22 19:45:30	2024-08-22 19:45:31	162	6005	All right.
369	4390-1724355893_852887500.1-call_427.m4a	moco_md_ps	f	4	0	852887500	{"{\\"pos\\": 0.0, \\"src\\": 502}"}	0	2024-08-22 19:44:54	2024-08-22 19:44:59	48	4390	City of Grokowski, we'll see you on arrival.
433	6010-1724356467_852912500.1-call_588.m4a	moco_md_ps	f	9	0	852912500	{"{\\"pos\\": 0.0, \\"src\\": 2513301}","{\\"pos\\": 1.52, \\"src\\": 43}","{\\"pos\\": 2.68, \\"src\\": 2513301}"}	0	2024-08-22 19:54:28	2024-08-22 19:54:41	163	6010	4 out of 13. 4 out of 13. You can send myself and 14 the dispute on New Hampshire. We'll go to the stolen vehicle after.
435	6000-1724356486_853275000.0-call_597.m4a	moco_md_ps	f	18	0	853275000	{"{\\"pos\\": 0.0, \\"src\\": 42}"}	0	2024-08-22 19:54:46	2024-08-22 19:55:04	161	6000	Correct. We had a suspicious 13504 Haddonfield Lane. 13504 Haddonfield Lane. Jane is the caller. This has been holding for about over an hour. Caller was at the hospital and on the rain camera saw a pickup truck in her driveway and two men out of the car on her property.
442	7745-1724356522_853362500.0-call_610.m4a	moco_md_ps	f	3	0	853362500	{"{\\"pos\\": 0.0, \\"src\\": 706422}"}	0	2024-08-22 19:55:23	2024-08-22 19:55:26	142	7745	ERROR: TRANSCRIPTION_TIMEOUT
447	4385-1724356553_853275000.0-call_624.m4a	moco_md_ps	f	1	0	853275000	{"{\\"pos\\": 0.0, \\"src\\": 501}","{\\"pos\\": 1.4, \\"src\\": -1}"}	0	2024-08-22 19:55:53	2024-08-22 19:55:57	47	4385	Hey, Elsa. Hey, Elsa.
\.


--
-- Name: calls_id_seq; Type: SEQUENCE SET; Schema: public; Owner: postgres
--

SELECT pg_catalog.setval('public.calls_id_seq', 447, true);


--
-- Name: talk_groups_id_seq; Type: SEQUENCE SET; Schema: public; Owner: postgres
--

SELECT pg_catalog.setval('public.talk_groups_id_seq', 201, true);


--
-- PostgreSQL database dump complete
--

